Source,Tweet Text,Date,Compound,Positive,Neutral,Negative,Tweets Ago
@BBC,"Delve into the world of @agathachristie with Bill Nighy. üîç #OrdealByInnocence
https://t.co/6amR2TK52M",Mon Apr 02 20:02:08 +0000 2018,0.0,0.0,0.0,1.0,1
@BBC,"When this woman visited an uninhabited Caribbean island, the last thing she expected was to find it covered in plas‚Ä¶ https://t.co/Y1DdScbWLQ",Mon Apr 02 19:23:07 +0000 2018,0.0,0.0,0.0,1.0,2
@BBC,"In a revealing and emotional journey, @LennyHenry investigates the relationship between the Commonwealth, the Carib‚Ä¶ https://t.co/b58oqaOqQz",Mon Apr 02 19:02:04 +0000 2018,0.1531,0.103,0.0,0.897,3
@BBC,"A fictionalised account of how Dave Allen became one of TV's greats. 

Dave Allen at Peace | 9pm | @BBCTwo |‚Ä¶ https://t.co/UFyHxzmRn2",Mon Apr 02 18:45:06 +0000 2018,0.5423,0.163,0.0,0.837,4
@BBC,"Would you try a blue cheese and pear ice cream? üç¶üßÄ

 https://t.co/g1zRQUKr0a",Mon Apr 02 17:08:03 +0000 2018,0.0,0.0,0.0,1.0,5
@BBC,"RT @BBCBreaking: South African anti-apartheid campaigner Winnie Mandela has died aged 81, her personal assistant says https://t.co/krdVvFLY‚Ä¶",Mon Apr 02 14:14:17 +0000 2018,-0.5574,0.0,0.184,0.816,6
@BBC,Is it easier to be a businesswoman in the West or in Asia? This is one woman's experience... https://t.co/fI84r6x06p,Mon Apr 02 13:32:07 +0000 2018,0.4215,0.141,0.0,0.859,7
@BBC,RT @BBCWorld: Hill Street Blues creator Steven Bochco dies aged 74 https://t.co/5lrOJWDuTu,Mon Apr 02 11:58:06 +0000 2018,0.0,0.0,0.0,1.0,8
@BBC,"""I have cerebral palsy. But that won't stop me from becoming a barrister."" 

This is Daniel's story. 
https://t.co/cvao6fjUoW",Mon Apr 02 11:07:00 +0000 2018,0.2235,0.106,0.0,0.894,9
@BBC,From Easter egg nest cakes to hot cross buns: @BBCFood have lots of Easter baking ideas!  üç∞üç´üê£‚Ä¶ https://t.co/BValJcDkAd,Mon Apr 02 10:02:06 +0000 2018,0.0,0.0,0.0,1.0,10
@BBC,"ü•ö üòÆ @SandiToksvig knows how to squeeze an egg into a glass bottle! #QI
 https://t.co/ykMxxdLKq7",Mon Apr 02 09:03:04 +0000 2018,0.0,0.0,0.0,1.0,11
@BBC,RT @BBCScotlandNews: Commonwealth Games: Eilidh Doyle chosen to be Scotland's first female flag bearer https://t.co/sX7vzZFn0E https://t.co‚Ä¶,Mon Apr 02 08:16:56 +0000 2018,0.0,0.0,0.0,1.0,12
@BBC,"RT @BBCRadio4: Why we ‚ù§ the Shipping Forecast - Discover the secrets of the iconic weather report 
https://t.co/ozBEl8gbWv https://t.co/eJt‚Ä¶",Mon Apr 02 08:14:23 +0000 2018,0.0,0.0,0.0,1.0,13
@BBC,"RT @BBCSport: ""The fans were demanding something, and I gave them Zlatan.""

Imagine football without this guy üòÇüôà https://t.co/CZIQnYFIPL",Mon Apr 02 08:14:09 +0000 2018,-0.2263,0.0,0.101,0.899,14
@BBC,"RT @CBeebiesHQ: Autism feels different for everybody ü§î

The #Pablo cast, show us how a person with autism might experience the world in thi‚Ä¶",Mon Apr 02 08:13:54 +0000 2018,0.0,0.0,0.0,1.0,15
@BBC,"If there's one thing we love even more than chocolate, it's news that it may actually be good for us! But can choco‚Ä¶ https://t.co/O5KlptGCV5",Mon Apr 02 08:08:05 +0000 2018,0.8122,0.251,0.0,0.749,16
@BBC,When you wake up and remember it's STILL the weekend. üòäüí§ #BankHoliday https://t.co/QMJ5lXS6dd,Mon Apr 02 08:02:00 +0000 2018,0.0,0.0,0.0,1.0,17
@BBC,"12-year-old Keilan has severe curvature of the spine. He needs surgery ASAP, but the operation could leave him para‚Ä¶ https://t.co/5wl8aXiahP",Mon Apr 02 07:26:06 +0000 2018,-0.2732,0.0,0.147,0.853,18
@BBC,"RT @BBCOne: CANNOT WAIT.  

@masterchefuk #Masterchef https://t.co/6ExjLKSaXF",Sun Apr 01 20:38:27 +0000 2018,0.0,0.0,0.0,1.0,19
@BBC,"Heiress Rachel Argyll is murdered at her family estate. Eighteen months later, the identity of the murderer is thro‚Ä¶ https://t.co/eLTDhy9dgj",Sun Apr 01 19:00:28 +0000 2018,-0.875,0.0,0.333,0.667,20
@BBC,"The Generation Game is back! Mel Giedroyc and @sueperkins host the fun family game show, with big prizes to be won‚Ä¶ https://t.co/fsdU2b5kkd",Sun Apr 01 18:00:27 +0000 2018,0.7644,0.248,0.0,0.752,21
@BBC,RT @BBCSport: Happy April Fool's Day everyone! https://t.co/8o8K1YO4SE,Sun Apr 01 17:42:22 +0000 2018,0.6114,0.363,0.0,0.637,22
@BBC,ü§ñ Who'd love their next takeaway to be delivered by a robot?  https://t.co/4GZxjNwc2K,Sun Apr 01 17:00:26 +0000 2018,0.6369,0.296,0.0,0.704,23
@BBC,"üê∞ You only need one piece of paper to make this origami Easter bunny! #EasterSunday 

üëâ https://t.co/2QvZ01DkVM https://t.co/EQyhG2J8TN",Sun Apr 01 16:03:03 +0000 2018,0.0,0.0,0.0,1.0,24
@BBC,What is it like to grow up with HIV? Three teenagers share their stories. https://t.co/DraVkYqRTn,Sun Apr 01 15:00:26 +0000 2018,0.5719,0.266,0.0,0.734,25
@BBC,RT @BBCNews: Royal wedding: Prince Harry and Meghan Markle choose flowers https://t.co/bEV8gIGXKN,Sun Apr 01 14:48:39 +0000 2018,0.0,0.0,0.0,1.0,26
@BBC,RT @BBCiPlayer: Remember when we discovered that penguins can actually fly? #WeAreStillShook üò±üò± https://t.co/K167WaTNN2,Sun Apr 01 14:47:16 +0000 2018,0.0,0.0,0.0,1.0,27
@BBC,"RT @bbcweather: As the RAF celebrates 100 years since its formation, here is a rather serene view of this morning's weather at #RAF #Lossie‚Ä¶",Sun Apr 01 12:19:34 +0000 2018,0.7717,0.242,0.0,0.758,28
@BBC,Our favourite #AprilFoolsDay was when spaghetti grew on trees in 1957. https://t.co/qRGuM9NnRZ,Sun Apr 01 12:14:27 +0000 2018,0.0,0.0,0.0,1.0,29
@BBC,Could poetry be used as a form of therapy? https://t.co/pw2hBG3heY,Sun Apr 01 12:00:24 +0000 2018,0.0,0.0,0.0,1.0,30
@BBC,RT @BBCOne: How not to prank your family this Easter. https://t.co/SMXFIukYMJ,Sun Apr 01 11:23:47 +0000 2018,0.0,0.0,0.0,1.0,31
@BBC,RT @bbcpress: Julien lives! @TchekyKaryo reprises his role as #TheMissing's Julien Baptiste in gripping new @BBCOne drama #Baptiste: https:‚Ä¶,Sun Apr 01 11:19:57 +0000 2018,0.0,0.0,0.0,1.0,32
@BBC,RT @BBCFood: See how Mary Berry does Easter at her house: https://t.co/qzrkDoA9fS https://t.co/AOUIOo4tgr,Sun Apr 01 11:18:20 +0000 2018,0.0,0.0,0.0,1.0,33
@BBC,Why do we find chocolate so irresistible? üç´ ü§î This is the secret reason why we love to eat it. üëâ‚Ä¶ https://t.co/C8FbJAZQ99,Sun Apr 01 11:04:05 +0000 2018,0.8083,0.289,0.0,0.711,34
@BBC,RT @bbcpress: üê∞üê∞üê∞ #HappyEaster from @RealBasilBrush - don't forget to watch #GenerationGame tonight on @BBCOne at 8pm after you've finished‚Ä¶,Sun Apr 01 10:37:30 +0000 2018,0.1695,0.085,0.0,0.915,35
@BBC,From traditional Easter lunch to laid-back seasonal feasts: @BBCFood have Easter entertaining covered. üê£üç´üê∞üç¥ https://t.co/PT7uD9UIvn,Sun Apr 01 10:27:03 +0000 2018,0.4404,0.172,0.0,0.828,36
@BBC,üç´üê£üé∂ @Stormzy1's cover of Sweet Like Chocolate from the @BBCR1 Live Lounge is an eggs-cellent way to start your East‚Ä¶ https://t.co/IHlTGrkmfv,Sun Apr 01 10:03:08 +0000 2018,0.6705,0.224,0.0,0.776,37
@BBC,"""I feel like I'm part of something"". ‚ù§Ô∏èÔ∏è üëÇüèº üç∫ Welcome to Deaf Pub, a place where members of the deaf community can‚Ä¶ https://t.co/kRwHqCBUrI",Sun Apr 01 09:24:05 +0000 2018,0.6705,0.216,0.0,0.784,38
@BBC,‚ù§Ô∏èüò¢ Man's best friend. https://t.co/xE4rkcBJNv,Sun Apr 01 08:32:07 +0000 2018,0.8126,0.712,0.0,0.288,39
@BBC,"RT @bbc5live: More parents are giving presents rather than Easter eggs to tackle obesity, according to new researchüç´üç´

Are you rationing yo‚Ä¶",Sat Mar 31 21:15:00 +0000 2018,0.3947,0.113,0.0,0.887,40
@BBC,"This seven-week-old jaguar is on a serious mission! üòº 

#BigCatsAboutTheHouse is available on @BBCiPlayer:‚Ä¶ https://t.co/FlxS0N0syY",Sat Mar 31 20:42:07 +0000 2018,-0.1511,0.0,0.117,0.883,41
@BBC,"RT @CBeebiesHQ: Eddie's ready, are you? üòÅ

Join him for a NEW #BedtimeStory üìöüí§
 
He reads 'Big little Hippo' tonight at 6:50pm ‚ú® https://t.‚Ä¶",Sat Mar 31 18:37:18 +0000 2018,0.5719,0.198,0.0,0.802,42
@BBC,"From creation to hatching, David Attenborough reveals the wonder behind eggs. ü•öüê¶ 

Natural World: Attenborough's Wo‚Ä¶ https://t.co/MEsvf2J89N",Sat Mar 31 18:02:02 +0000 2018,0.5574,0.235,0.0,0.765,43
@BBC,What makes Raquel Meseguer want to lie down in public ‚Äî no matter where she is?  https://t.co/I7DeEph5iD,Sat Mar 31 17:09:06 +0000 2018,-0.2023,0.136,0.125,0.739,44
@BBC,"RT @BBCWthrWatchers: If this photo doesn't suggest 'Easter', then what does?  Ruthy has captured the moment in Nantmel, Powys. https://t.co‚Ä¶",Sat Mar 31 16:31:15 +0000 2018,0.0,0.0,0.0,1.0,45
@BBC,"Easter music and readings from the Chapel of @Kings_College, Cambridge. ‚õ™Ô∏è üé∂

Easter from King's | 6:15pm | @BBCTwo‚Ä¶ https://t.co/IrttRAqpPA",Sat Mar 31 16:15:07 +0000 2018,0.0,0.0,0.0,1.0,46
@BBC,"RT @bbcthree: Someone's knitting cosy Easter postbox hats
https://t.co/XR2G6cj50y https://t.co/PsgJeP6f02",Sat Mar 31 15:43:37 +0000 2018,0.0,0.0,0.0,1.0,47
@BBC,"RT @BBCRadio3: Get ready to luxuriate in the sounds of this English choral masterpiece.
https://t.co/bMDLRqB33p",Sat Mar 31 15:42:42 +0000 2018,0.765,0.337,0.0,0.663,48
@BBC,RT @BBCLookEast: Here's the moment Stephen Hawking's funeral cortege arrived at the church in Cambridge. https://t.co/3Nu4GcHMoX,Sat Mar 31 15:42:08 +0000 2018,-0.3612,0.0,0.143,0.857,49
@BBC,"üòÇ True or false? 
@NiallOfficial screamed when @JustinBieber followed him on Twitter.  https://t.co/CIcv8AR2sy",Sat Mar 31 13:01:05 +0000 2018,0.128,0.185,0.152,0.662,50
@BBC,"This is what happens when you get an OWL to deliver the rings at your wedding... ü¶âüíçü§¶
https://t.co/yi1tbmLg99",Sat Mar 31 12:31:02 +0000 2018,0.0,0.0,0.0,1.0,51
@BBC,"‚úä Don't like plastic in the supermarkets? 
Why not bin the lot! ‚ôªÔ∏èüóëhttps://t.co/gfxquQUoj4",Sat Mar 31 11:50:05 +0000 2018,-0.3404,0.0,0.179,0.821,52
@BBC,It's still growing üò± https://t.co/T5YocDauYj,Sat Mar 31 11:28:03 +0000 2018,0.1779,0.362,0.0,0.638,53
@BBC,"RT @BBCArchive: Eh-oh! #OnThisDay 1997 the Teletubbies was first broadcast, featuring Tinky Winky, Dipsy, Laa-Laa, and Po. Again, again! ht‚Ä¶",Sat Mar 31 11:26:30 +0000 2018,-0.6351,0.0,0.18,0.82,54
@BBC,"RT @bbcgetinspired: BBC Get Inspired has teamed up with @PHE_uk's @OneYouPHE campaign to bring you the free #CouchTo5K smartphone app.

Sig‚Ä¶",Sat Mar 31 10:37:23 +0000 2018,0.7579,0.255,0.0,0.745,55
@BBC,RT @bbcthree: The amazing deaf dancer sharing his love and passion with others https://t.co/LdHnu8Fmct,Sat Mar 31 10:37:18 +0000 2018,0.93,0.58,0.0,0.42,56
@BBC,"üíª The world is running out of computer storage. 

ü§î Could DNA be the answer? https://t.co/ww2UziMrWn",Sat Mar 31 10:27:04 +0000 2018,0.0,0.0,0.0,1.0,57
@BBC,The greatest wall you've never heard of: these mesmerising mosaics are hidden in Pakistan's Lahore Fort. üòç‚Ä¶ https://t.co/1urqLOyZAw,Sat Mar 31 09:04:03 +0000 2018,0.6369,0.198,0.0,0.802,58
@BBC,"Thinking of getting off social media? 

These people did. Here's how they survive (and thrive).  https://t.co/5yB6SW1mTG",Sat Mar 31 08:04:03 +0000 2018,0.0,0.0,0.0,1.0,59
@BBC,Brown bear cubs living in the forests of Sweden are spending longer with their mothers. üêª üå≤ https://t.co/WILDpFotl9 https://t.co/RukaU9k8Ja,Sat Mar 31 07:03:06 +0000 2018,0.0,0.0,0.0,1.0,60
@BBC,"Everyone is at rock bottom. And then Matt makes things worse. ü§¶

@Matt_LeBlanc, @StephenMangan and Tamsin Greig are‚Ä¶ https://t.co/wMqkSpRiUJ",Fri Mar 30 20:23:06 +0000 2018,-0.4767,0.0,0.154,0.846,61
@BBC,üò±üëÄ When a cheetah interrupts your safari. https://t.co/Zi29GwxYA3,Fri Mar 30 19:00:32 +0000 2018,-0.3182,0.0,0.277,0.723,62
@BBC,"RT @BBCOne: The search is on for Britain‚Äôs Best Home Cook. 

#BBHC @ClaudiaWinkle @DanDoherty_ @Chris_Bavin https://t.co/yw46HaGnKW",Fri Mar 30 18:41:56 +0000 2018,0.6369,0.219,0.0,0.781,63
@BBC,"üòÇ 'JESUS DID NOT HAVE CUSTARD CREAMS!'

Don't let the Lent Police catch you cheating this #EasterWeekend. https://t.co/lLXFoF5fdg",Fri Mar 30 18:01:02 +0000 2018,-0.5983,0.0,0.196,0.804,64
@BBC,"An Oscar-winning short film, The Silent Child tells the story of a profoundly deaf child born to hearing parents, w‚Ä¶ https://t.co/AD1CGpoZvu",Fri Mar 30 17:29:06 +0000 2018,0.0,0.0,0.0,1.0,65
@BBC,"'Change doesn't come from outside.'

#Pilgrimage: The Road to Santiago | 9pm | @BBCTwo https://t.co/N4Fxc0EU77",Fri Mar 30 17:06:00 +0000 2018,0.0,0.0,0.0,1.0,66
@BBC,‚ù§Ô∏è A dying man was granted his final wish in hospital - a visit from his dog. https://t.co/xE4rkcBJNv,Fri Mar 30 16:26:45 +0000 2018,0.5719,0.266,0.0,0.734,67
@BBC,"The illegal wildlife trade is worth ¬£18bn per year, but @wildliferescue are working to turn it around.‚Ä¶ https://t.co/fe3MDr2TN9",Fri Mar 30 16:02:04 +0000 2018,-0.2144,0.073,0.116,0.81,68
@BBC,"RT @bbceurovision: üá¨üáß Presenting our 2018 dream team! @Grahnort hosts the Grand Final on @BBCOne. Fresh from You Decide, we welcome @Rylan!‚Ä¶",Fri Mar 30 15:25:47 +0000 2018,0.8715,0.377,0.0,0.623,69
@BBC,RT @BBCNews: Heartbeat actor Bill Maynard dies at 89 https://t.co/BMeMLwjPpV,Fri Mar 30 15:10:56 +0000 2018,0.0,0.0,0.0,1.0,70
@BBC,We use an estimated 8.5b plastic straws every year in the UK and they're among the top 10 items found in beach clea‚Ä¶ https://t.co/K9r6HRVu3V,Fri Mar 30 14:54:01 +0000 2018,0.2023,0.073,0.0,0.927,71
@BBC,Graphic artist Gabriella Marcella uses a vintage #Risograph printer to produce amazing designs. https://t.co/W9JK5vLbSf,Fri Mar 30 13:05:00 +0000 2018,0.5859,0.241,0.0,0.759,72
@BBC,"Meena was raised to be a ‚Äògood Indian girl' - to cook, clean and find a husband.

But as an environmental activist‚Ä¶ https://t.co/HWMRk97Wdm",Fri Mar 30 12:04:01 +0000 2018,0.4019,0.124,0.0,0.876,73
@BBC,RT @BBC6Music: Elementary! Martin Freeman and @ACIDJAZZRECS' @eddiepiller delve into their record bag(gins) to share some choice cuts as th‚Ä¶,Fri Mar 30 10:39:54 +0000 2018,0.4574,0.213,0.09,0.697,74
@BBC,üêòü§∑‚Äç‚ôÄÔ∏è A video of a 'smoking' wild elephant in India is baffling scientists and wildlife experts around the world. https://t.co/CENdAQYy5v,Fri Mar 30 10:33:02 +0000 2018,0.0,0.0,0.0,1.0,75
@BBC,"Advertisers are the experts at persuading us to eat burgers, crisps and fizzy drinks. But could they convince us to‚Ä¶ https://t.co/JpuBKADOMB",Fri Mar 30 10:03:04 +0000 2018,0.25,0.091,0.0,0.909,76
@BBC,It's been described as a 'game changer' for Multiple Sclerosis patients - scientists say a stem cell transplant can‚Ä¶ https://t.co/Ru1R67FHig,Fri Mar 30 09:06:02 +0000 2018,0.0,0.0,0.0,1.0,77
@BBC,"üçç A squeeze of pineapple juice works wonders for dough...

üçû Here are 10 things you knead to know about bread! 

üëâ‚Ä¶ https://t.co/ajVBvN31mi",Fri Mar 30 08:27:05 +0000 2018,0.0,0.0,0.0,1.0,78
@BBC,"üò¢üêò This poor elephant has his foot caught on a deadly snare. 
Can the team save him before its too late?‚Ä¶ https://t.co/7pbk2WA7hW",Fri Mar 30 07:30:02 +0000 2018,0.0258,0.126,0.123,0.751,79
@BBC,"At a time when men thought women shouldn't speak until they were spoken to, this female artist refused to be silent‚Ä¶ https://t.co/mbaGBW4xMj",Thu Mar 29 20:41:00 +0000 2018,-0.296,0.0,0.099,0.901,80
@BBC,"RT @BBCBreakfast: Counting down the hours until you go home for Easter?
üåßüå§üå® Here's your Easter weekend forecast: https://t.co/EXeBCHutS4",Thu Mar 29 18:45:08 +0000 2018,0.0,0.0,0.0,1.0,81
@BBC,RT @bbcrb: Retirement's looking rosy for Hank the police horse! üêéüòÜ https://t.co/xB9kXZeWNE,Thu Mar 29 18:44:20 +0000 2018,0.0,0.0,0.0,1.0,82
@BBC,"RT @BBCNewsbeat: Anthony Joshua faces Joseph Parker in Cardiff on Saturday.
And he's eating a LOT to prepare... üòã üí™ https://t.co/qp6xw04IiC",Thu Mar 29 18:44:11 +0000 2018,0.0,0.0,0.0,1.0,83
@BBC,RT @BBCOne: Anyone else having a 'chilled one'? üêº https://t.co/WRBeDdaK18,Thu Mar 29 18:43:51 +0000 2018,0.0,0.0,0.0,1.0,84
@BBC,"‚ù§Ô∏è 'That was it I just totally fell in love with art.'

üé∂ How grime changed Ade Adesina's life. https://t.co/eDyh75YBvl",Thu Mar 29 18:05:02 +0000 2018,0.4522,0.194,0.109,0.697,85
@BBC,"üç≥ Wanna get the kids cooking this #EasterWeekend? 
Here are 10 recipes to keep them busy in the kitchen.
üëâ‚Ä¶ https://t.co/5xxQNyyRMg",Thu Mar 29 17:04:05 +0000 2018,0.0,0.0,0.0,1.0,86
@BBC,RT @BBCTaster: We've just released a host of amazing new artefacts for the #CivilisationsAR app! Discover history's treasures wherever you‚Ä¶,Thu Mar 29 16:12:19 +0000 2018,0.784,0.288,0.0,0.712,87
@BBC,‚úä Plastic protest! https://t.co/9m59wayYH8,Thu Mar 29 16:03:03 +0000 2018,-0.3164,0.0,0.534,0.466,88
@BBC,"RT @bbcarts: This Picture Wall in Lahore, Pakistan stretches for over 450 metres and is full of mesmerising mosaics https://t.co/ZFhuF7PiQP",Thu Mar 29 15:41:25 +0000 2018,0.0,0.0,0.0,1.0,89
@BBC,RT @bbcwritersroom: #OrdealByInnocence begins on @BBCOne on Easter Sunday 1st April at 9pm and @BBCiPlayer. #Screenwriter @PhelpsieSarah ex‚Ä¶,Thu Mar 29 15:31:22 +0000 2018,0.0,0.0,0.0,1.0,90
@BBC,"RT @bbcideas: Author Lionel Shriver says we project ourselves on to our possessions ‚Äì and that she is her toy donkey, Clippety üòä.

We'd lik‚Ä¶",Thu Mar 29 15:26:27 +0000 2018,0.0,0.0,0.0,1.0,91
@BBC,RT @BBCTwo: Imagine living in this incredible Swiss chalet! üòçüá®üá≠ #TheWorldsMostExtraordinaryHomes https://t.co/NofijuERJg,Thu Mar 29 15:24:08 +0000 2018,0.0,0.0,0.0,1.0,92
@BBC,"üòÇ So, who's going out tonight? https://t.co/u2L4sEKjE2",Thu Mar 29 15:04:02 +0000 2018,0.0,0.0,0.0,1.0,93
@BBC,"üéπüé∂ Why it's never too late to learn an instrument. 
üëâ https://t.co/lbBppX8XlO

#PianoDay https://t.co/x1CegC7iho",Thu Mar 29 14:21:11 +0000 2018,0.0,0.0,0.0,1.0,94
@BBC,RT @bbcpress: Everyone's favourite fox reads out #MeanTweets (if he can get the right app open). For more @RealBasilBrush watch #Generation‚Ä¶,Thu Mar 29 14:07:48 +0000 2018,0.0,0.0,0.0,1.0,95
@BBC,"Happy birthday to Alfred and Robert! üéà üéâ Britain's two oldest men, born on the same day, have been celebrating turn‚Ä¶ https://t.co/R7GXbEXl3v",Thu Mar 29 12:31:03 +0000 2018,0.8268,0.299,0.0,0.701,96
@BBC,"This bizarrely cute creature is just the latest species to suffer a social media selfie ban. 
üëâ‚Ä¶ https://t.co/bG9qcXtouW",Thu Mar 29 11:00:21 +0000 2018,-0.6249,0.124,0.295,0.581,97
@BBC,"RT @BBCRadio2: Today we say farewell to the brilliant @RealLynnBowles. üò¢
Her sharp wit, warm tones, and encyclopaedic knowledge of the UK's‚Ä¶",Thu Mar 29 10:18:02 +0000 2018,0.6908,0.231,0.0,0.769,98
@BBC,üê∂‚ù§Ô∏è Biscuit the robotic pup is helping the elderly cope with conditions like dementia. What a good boy! https://t.co/5vpg6KS031,Thu Mar 29 08:00:12 +0000 2018,0.784,0.345,0.0,0.655,99
@BBC,üëÄüå∏ The world famous cherry blossoms of Japan bring hundreds of thousands of visitors to see them and this year they‚Ä¶ https://t.co/kGMsyZnWzi,Thu Mar 29 07:27:07 +0000 2018,0.0,0.0,0.0,1.0,100
@CBS,No one does it quite like @eltonofficial. The artist himself will belt out some of his chart-topping hits on Elton‚Ä¶ https://t.co/ckY4bUvTXI,Mon Apr 02 17:30:00 +0000 2018,0.1513,0.116,0.092,0.792,1
@CBS,The Las Vegas strip is about to light up brighter than ever before when Country Music‚Äôs Party Of The Year¬Æ takes ov‚Ä¶ https://t.co/j1A2ZVHAoO,Sun Apr 01 17:00:03 +0000 2018,0.6486,0.202,0.0,0.798,2
@CBS,"‚ÄúIf you don‚Äôt do something about it, then who are you? ‚Ä¶ It can happen to anyone.‚Äù - @aplusk 

Tonight at 10/9c, a‚Ä¶ https://t.co/EQabNc1UZI",Sat Mar 31 18:00:00 +0000 2018,0.0,0.0,0.0,1.0,3
@CBS,Give it up for @KelseaBallerini! This star is one of the Female Vocalist Of The Year nominees and she's ready to ta‚Ä¶ https://t.co/wLyHwkEGs2,Sat Mar 31 15:30:00 +0000 2018,0.4199,0.113,0.0,0.887,4
@CBS,Take and post a photo of the woman in your life who inspires you! The photo should only have one person against a n‚Ä¶ https://t.co/BHdxXlWfKP,Fri Mar 30 16:50:00 +0000 2018,0.4926,0.127,0.0,0.873,5
@CBS,"Expect epic performances by @kanebrown , @kelly_clarkson, @OfficialJackson, and more at this year's 53rd #ACMawards‚Ä¶ https://t.co/3yso7Z0cjv",Thu Mar 29 17:32:40 +0000 2018,0.0,0.0,0.0,1.0,6
@CBS,"Will @HIGHVALLEY, @LancoMusic, @LOCASHmusic, @MidlandOfficial, or @runawayjune be named New Vocal Duo Or Group Of T‚Ä¶ https://t.co/v0QIPLC47R",Thu Mar 29 17:30:02 +0000 2018,0.0,0.0,0.0,1.0,7
@CBS,Count on Entertainer Of The Year nominee @LukeBryanOnline to crash the party with an epic performance at the 53rd‚Ä¶ https://t.co/27ua60HTqu,Tue Mar 27 21:00:01 +0000 2018,0.3818,0.212,0.108,0.68,8
@CBS,Join @eltonofficial and some of today's hottest names in music when they take the stage to perform his most memorab‚Ä¶ https://t.co/jz0jaShZIj,Tue Mar 27 17:00:00 +0000 2018,0.296,0.099,0.0,0.901,9
@CBS,"RT @ACMawards: The ACM for New Vocal Group of the Year goes to @MidlandOfficial! And yes, that really was @Reba on the phone! #ACMawards ht‚Ä¶",Mon Mar 26 22:14:25 +0000 2018,0.508,0.12,0.0,0.88,10
@CBS,"RT @ACMawards: In case you didn‚Äôt know, the ACM for New Male Vocalist of the Year goes to @BrettYoungMusic. Check out his reaction when @Re‚Ä¶",Mon Mar 26 20:42:48 +0000 2018,0.0,0.0,0.0,1.0,11
@CBS,RT @ACMawards: Over the weekend @Reba called the ACM New Artist of the Year winners to let them know they had won! Let‚Äôs just say our New F‚Ä¶,Mon Mar 26 16:59:19 +0000 2018,0.7959,0.214,0.0,0.786,12
@CBS,"Congratulations to the 53rd #ACMawards New Artist winners @Lauren_Alaina, @MidlandOfficial, and @BrettYoungMusic! W‚Ä¶ https://t.co/Fr8H4arwGj",Mon Mar 26 16:05:18 +0000 2018,0.807,0.378,0.0,0.622,13
@CBS,New start times in East/Central Time Zones #60Minutes 7:35ET/6:35CT #Instinct  8:35ET/7:35CT #NCISLA 9:35ET/8:35CT‚Ä¶ https://t.co/8W5hAeLrvs,Sun Mar 25 23:57:34 +0000 2018,0.0,0.0,0.0,1.0,14
@CBS,Don‚Äôt miss a minute of the action. Stream the¬†Elite Eight¬Æ¬†games LIVE today starting at 2PM ET with a FREE trial of‚Ä¶ https://t.co/8NwU8HdiHR,Sun Mar 25 17:15:25 +0000 2018,0.5319,0.157,0.062,0.78,15
@CBS,RT @MomCBS: That's a wrap on the #Mom panel at #PaleyFest! Thanks for following along! https://t.co/we4JgqPt6P,Sat Mar 24 22:46:53 +0000 2018,0.5399,0.199,0.0,0.801,16
@CBS,RT @MomCBS: A fan just commented that #Mom helped bring him out of a deep depression. üíúüíúüíú #PaleyFest,Sat Mar 24 22:46:43 +0000 2018,-0.34,0.115,0.185,0.7,17
@CBS,"RT @MomCBS: ""Go out for it anyway. If you're good for the role, you're good for the role."" @theJaimePressly's advice for aspiring actors wi‚Ä¶",Sat Mar 24 22:25:03 +0000 2018,0.7003,0.209,0.0,0.791,18
@CBS,RT @MomCBS: Mom Co-Creator @GemmaRBaker just pointed out her own #Mom in the audience at #PaleyFest! üíú,Sat Mar 24 22:21:37 +0000 2018,0.0,0.0,0.0,1.0,19
@CBS,"RT @MomCBS: ""I'm not someone in recovery who goes to AA, but I have taken so much away from it...to take one day at a time."" - @theJaimePre‚Ä¶",Sat Mar 24 22:21:34 +0000 2018,0.0,0.0,0.0,1.0,20
@CBS,"RT @MomCBS: ""You get to appreciate working with such talented people."" - @AnnaKFaris #Mom #PaleyFest",Sat Mar 24 22:21:26 +0000 2018,0.7184,0.333,0.0,0.667,21
@CBS,RT @MomCBS: ‚ÄúI love this job. I love working with these women. I love working in front of the live audience‚Ä¶ It‚Äôs alive and it‚Äôs fun.‚Äù - @A‚Ä¶,Sat Mar 24 22:21:23 +0000 2018,0.9451,0.42,0.0,0.58,22
@CBS,"Get on your feet for @Jason_Aldean, @ThomasRhett, @ChrisStapleton, @KeithUrban, and @ChrisYoungMusic, the five nomi‚Ä¶ https://t.co/oT5ogjdj4x",Sat Mar 24 20:00:02 +0000 2018,0.0,0.0,0.0,1.0,23
@CBS,Get ready for some sweet games! Stream #5 Clemson vs #1 Kansas LIVE at 7PM ET and #11 Syracuse vs #2 Duke LIVE at 9‚Ä¶ https://t.co/4WstgrKNnW,Fri Mar 23 22:33:52 +0000 2018,0.6996,0.194,0.0,0.806,24
@CBS,RT @SEALTeamCBS: In honor of #NationalPuppyDay... üòç #SEALTeam https://t.co/4mIZPpiRlU,Fri Mar 23 22:33:04 +0000 2018,0.4939,0.314,0.0,0.686,25
@CBS,"RT @HawaiiFive0CBS: Nothing like a man and his dog! üòçüê∂ Happy #NationalPuppyDay to Eddie, the best pup on the Five-0 Task Force! #H50 https:‚Ä¶",Fri Mar 23 22:32:48 +0000 2018,0.8997,0.355,0.0,0.645,26
@CBS,Game on! 16 teams left and the race to the finish continues tonight. Stream #11 Loyola-Chicago vs #7 Nevada LIVE at‚Ä¶ https://t.co/W374rmzzoC,Thu Mar 22 22:10:29 +0000 2018,0.0,0.0,0.0,1.0,27
@CBS,Save the date! These are season finales you do NOT want to miss. RT if you're excited! https://t.co/UUQoWsPPSh https://t.co/cDl4WmxMtU,Thu Mar 22 20:52:02 +0000 2018,0.7081,0.311,0.066,0.623,28
@CBS,Congratulations to all of the @CBSDaytime nominees for the #DaytimeEmmys! See the full list of #DaytimeEmmy nominee‚Ä¶ https://t.co/ivJVJWvfsf,Thu Mar 22 00:23:38 +0000 2018,0.636,0.198,0.0,0.802,29
@CBS,Female Vocalist Of The Year nominee @MarenMorris will show her fans how it‚Äôs done when she takes the stage to showc‚Ä¶ https://t.co/PITjmAoFT8,Wed Mar 21 18:00:01 +0000 2018,0.0,0.0,0.0,1.0,30
@CBS,The legendary @Reba returns to host the 53rd #ACMawards and she‚Äôs proving just how comfortable she is behind the mi‚Ä¶ https://t.co/XPXcSPRXqC,Tue Mar 20 20:00:01 +0000 2018,0.5106,0.142,0.0,0.858,31
@CBS,RT @nancyodell: Told my daughter I'd be presenting at @ACMawards again this year. (Woot woot!We both luv country music!)She took this pic o‚Ä¶,Tue Mar 20 17:58:43 +0000 2018,0.0,0.0,0.0,1.0,32
@CBS,RT @ladyantebellum: Ecstatic to announce we'll be performing at the #ACMawards in Las Vegas again this year! https://t.co/Qfhs94j6FR,Tue Mar 20 16:52:42 +0000 2018,0.5562,0.174,0.0,0.826,33
@CBS,"Country superstars @kennychesney, @ladyantebellum, @blakeshelton, and @KeithUrban have just been added to the stell‚Ä¶ https://t.co/bJ4If7MacP",Tue Mar 20 16:11:00 +0000 2018,0.0,0.0,0.0,1.0,34
@CBS,"RT @YandR_CBS: Forever evolving, Forever inspiring, Forever Young and Restless. ‚ù§Ô∏è Get ready to celebrate 45 years of #YR starting in just‚Ä¶",Mon Mar 19 21:02:26 +0000 2018,0.7845,0.309,0.072,0.619,35
@CBS,New start times in East/Central Time Zones: #60Minutes 7:37ET/6:37CT #Instinct series premiere 8:37ET/7:37CT‚Ä¶ https://t.co/xT3YKqmu2M,Sun Mar 18 23:44:30 +0000 2018,0.0,0.0,0.0,1.0,36
@CBS,Spend your Sunday streaming Second Round games LIVE with a FREE trial of CBS All Access! https://t.co/3P85rXLy4b https://t.co/zbWfirD9Ju,Sun Mar 18 18:05:43 +0000 2018,0.6514,0.213,0.0,0.787,37
@CBS,"RT @instinctcbs: TONIGHT, Dr. Dylan Reinhart rewrites the book on abnormal behavior. Don't miss the premiere of #Instinct at 8/7c! https://‚Ä¶",Sun Mar 18 17:09:53 +0000 2018,0.1867,0.08,0.0,0.92,38
@CBS,"If any duo knows how to rock the stage, it's @FLAGALine. The Vocal Duo Of The Year nominee will perform live at the‚Ä¶ https://t.co/FknabB8NQp",Sat Mar 17 19:00:02 +0000 2018,0.0,0.0,0.0,1.0,39
@CBS,How is your bracket looking after last night? Stream Second Round games LIVE today with a FREE trial of CBS All Acc‚Ä¶ https://t.co/25JlIpgwog,Sat Mar 17 17:42:43 +0000 2018,0.6166,0.161,0.0,0.839,40
@CBS,Where better to spend #StPatricksDay than the place everybody knows your name? It‚Äôs just your luck that every singl‚Ä¶ https://t.co/Fom5wmdENL,Sat Mar 17 14:00:03 +0000 2018,0.7096,0.247,0.0,0.753,41
@CBS,Stars @JakeMcDorman and Nik Dodani will join the cast in the upcoming revival of Murphy Brown coming to CBS.‚Ä¶ https://t.co/JCAx29lo0i,Fri Mar 16 22:53:21 +0000 2018,0.296,0.104,0.0,0.896,42
@CBS,"RT @thegoodfight: Go behind the scenes with costume designer @DanLawsonStyle in ""Behind The Style,"" a new weekly video series all about the‚Ä¶",Fri Mar 16 18:15:53 +0000 2018,0.0,0.0,0.0,1.0,43
@CBS,The games have just begun! Continue to stream First Round games LIVE today with a FREE trial of CBS All Access:‚Ä¶ https://t.co/YTGsJ48zYP,Fri Mar 16 16:28:40 +0000 2018,0.6514,0.178,0.0,0.822,44
@CBS,"RT @TheTalkCBS: You asked, we answered! The fun never ends when the ladies #KeepTalking and answer your fan questions üó£üí¨‚û°Ô∏è https://t.co/ie1‚Ä¶",Thu Mar 15 17:54:06 +0000 2018,0.7088,0.237,0.0,0.763,45
@CBS,RT @instinctcbs: Dr. Dylan Reinhart is lured back into the field from his life of quiet academia when a certain serial killer makes things‚Ä¶,Thu Mar 15 17:20:26 +0000 2018,-0.4939,0.077,0.157,0.766,46
@CBS,Stream First Round games LIVE today starting at 12PM ET with a FREE trial of CBS All Access! https://t.co/3P85rXLy4b https://t.co/vZow3YD8cb,Thu Mar 15 16:42:41 +0000 2018,0.6514,0.194,0.0,0.806,47
@CBS,RT @CBSSports: It's the most wonderful time of the year. #MarchMadness https://t.co/e4c9qohqSR,Thu Mar 15 14:32:16 +0000 2018,0.6115,0.266,0.0,0.734,48
@CBS,"Give these ladies some love! @Lauren_Alaina, @DBradbery, @carlypearce, and @RaeLynn are nominated for New Female Vo‚Ä¶ https://t.co/IVhwURfJ3S",Wed Mar 14 19:30:01 +0000 2018,0.6696,0.219,0.0,0.781,49
@CBS,"RT @ManWithAPlan: Hungry for more #ManWithAPlan bloopers and behind-the-scenes videos featuring cast like @matt_leblanc, @thelizasnyder, @k‚Ä¶",Tue Mar 13 18:48:52 +0000 2018,0.3612,0.143,0.0,0.857,50
@CBS,"Music stars @MileyCyrus, @edsheeran, @ladygaga, and more will honor the legendary @eltonofficial and his hit songs‚Ä¶ https://t.co/UzxARCCLnI",Tue Mar 13 14:15:10 +0000 2018,0.539,0.179,0.0,0.821,51
@CBS,RT @thegoodfight: The verdict is in. The new season of #TheGoodFight is üî•üî•üî•! Stream it now on CBS All Access: https://t.co/FkYSNSXlRb https‚Ä¶,Mon Mar 12 18:13:28 +0000 2018,0.2244,0.083,0.0,0.917,52
@CBS,"RT @MadamSecretary: In less than an hour, #MadamSecretary's Keith Carradine will be taking over the @MadamSecretary Twitter page! Tweet alo‚Ä¶",Mon Mar 12 01:20:43 +0000 2018,0.0,0.0,0.0,1.0,53
@CBS,RT @DierksBentley: Take and post a photo of the woman in your life who inspires you daily! Use the hashtag #WomanAmenACM in your post for a‚Ä¶,Fri Mar 09 22:48:26 +0000 2018,0.4926,0.117,0.0,0.883,54
@CBS,"RT @MomCBS: If you missed guest star @KChenoweth in the latest episode of #Mom, not to worry! Watch now: https://t.co/RlvXoGOZ0l https://t.‚Ä¶",Fri Mar 09 22:24:20 +0000 2018,0.1275,0.113,0.092,0.795,55
@CBS,"Give a round of applause to @KelseaBallerini, @MirandaLambert, @Reba, @MarenMorris, and @CarrieUnderwood, the five‚Ä¶ https://t.co/Ncp1BTXx6N",Fri Mar 09 21:10:21 +0000 2018,0.4215,0.177,0.0,0.823,56
@CBS,"RT @thegoodfight: Smart, sexy, and sophisticated. See what's coming this season on #TheGoodFight. https://t.co/CuKhx2G50P https://t.co/ygTI‚Ä¶",Fri Mar 09 18:27:28 +0000 2018,0.8658,0.447,0.0,0.553,57
@CBS,RT @BlueBloods_CBS: Even stand-up guys fall down sometimes. #BlueBloods is new tonight at 10/9c! https://t.co/UOlDm22wWW,Fri Mar 09 16:02:27 +0000 2018,0.0,0.0,0.0,1.0,58
@CBS,Today and every day we celebrate the women in our lives who empower and inspire us. Share a story about an¬†influent‚Ä¶ https://t.co/9rVtqrElvT,Thu Mar 08 18:00:49 +0000 2018,0.8625,0.336,0.0,0.664,59
@CBS,Take and post a photo of the woman in your life who inspires you daily! Use the hashtag #WomanAmenACM in your post‚Ä¶ https://t.co/7ShhvE48zy,Thu Mar 08 17:03:04 +0000 2018,0.4926,0.132,0.0,0.868,60
@CBS,"RT @thegoodfight: Meticulously constructed. Soapy &amp; sexy. Intoxicating, savage television. üî• Here's what critics are saying about #TheGoodF‚Ä¶",Wed Mar 07 18:39:10 +0000 2018,-0.2023,0.15,0.23,0.619,61
@CBS,"This just in! @Jason_Aldean, @mirandalambert, @LukeBryanOnline, and many more are set to perform at the 53rd Academ‚Ä¶ https://t.co/mfxw2VxzU4",Wed Mar 07 17:06:02 +0000 2018,0.0,0.0,0.0,1.0,62
@CBS,"Meet the ensemble of talented actors slated to join $1, a new mystery series coming to CBS All Access:‚Ä¶ https://t.co/QoyYv7vxwg",Tue Mar 06 18:10:59 +0000 2018,0.6705,0.244,0.0,0.756,63
@CBS,"Will @Jason_Aldean, @garthbrooks, @LukeBryanOnline, @ChrisStapleton, or @KeithUrban be named Entertainer Of The Yea‚Ä¶ https://t.co/rMD8zjeX3s",Mon Mar 05 22:16:43 +0000 2018,0.3818,0.167,0.0,0.833,64
@CBS,"RT @thegoodfight: It feels good to be back. üë†üíÑüî• The season 2 premiere of #TheGoodFight is now streaming, exclusively on CBS All Access: htt‚Ä¶",Sun Mar 04 08:05:26 +0000 2018,0.4404,0.116,0.0,0.884,65
@CBS,"RT @thegoodfight: Tomorrow, #TheGoodFight is back. Stream the season 2 premiere only on CBS All Access: https://t.co/tNFR8LBJO2 https://t.c‚Ä¶",Sat Mar 03 20:55:20 +0000 2018,0.0,0.0,0.0,1.0,66
@CBS,"Who are the trailblazing women in your life that inspire you? Join CBS and the ANA's #SeeHer initiative, celebratin‚Ä¶ https://t.co/M0KqZ41Bes",Fri Mar 02 22:30:01 +0000 2018,0.7096,0.247,0.0,0.753,67
@CBS,"Join @maria_bello, @aishatyler and @TeaLeoni in celebrating the accomplishments of women who have contributed to th‚Ä¶ https://t.co/MefESBeFL3",Fri Mar 02 20:30:01 +0000 2018,0.7096,0.282,0.0,0.718,68
@CBS,"In honor of Women's History Month, CBS and the Association of National Advertisers' (ANA) #SeeHer initiative will p‚Ä¶ https://t.co/2wtYxKJVuO",Fri Mar 02 18:45:00 +0000 2018,0.4939,0.151,0.0,0.849,69
@CBS,RT @ZoeListerJones: Tonight‚Äôs an all new Life In Pieces and it‚Äôs directed by my ride or die @nataliaanderson!!!‚Ä¶ https://t.co/2LPfmyLWrY,Thu Mar 01 18:59:01 +0000 2018,-0.6981,0.0,0.21,0.79,70
@CBS,"RT @MarenMorris: Hot damn! Woke up from my post-wisdom teeth haze to find out I‚Äôm up for 4 @ACMawards ! So honored, especially for the Dear‚Ä¶",Thu Mar 01 18:12:57 +0000 2018,0.4547,0.159,0.092,0.749,71
@CBS,RT @KelseaBallerini: Ohhhhh goodness. Incredible. Thank you thank you thank you. #female https://t.co/1ZTYjNfQeF,Thu Mar 01 18:11:50 +0000 2018,0.8591,0.538,0.0,0.462,72
@CBS,RT @KeithUrban: ACMs...... HOLY SMOKES!!!!! MAD LOVE TO U ALL THIS MORNING  FOR THESE INCREDIBLE NOMINATIONS. I‚ÄôM EXTREMELY GRATEFUL!!!!!!!‚Ä¶,Thu Mar 01 18:10:50 +0000 2018,0.4885,0.234,0.151,0.615,73
@CBS,"RT @ACMawards: Congratulations to this year‚Äôs #ACMawards Video of the Year nominees:
‚ÄúBlack‚Äù - @DierksBentley
‚ÄúIt Ain‚Äôt My Fault‚Äù - @Brothe‚Ä¶",Thu Mar 01 14:36:21 +0000 2018,0.5994,0.178,0.0,0.822,74
@CBS,"RT @ACMawards: Please give a round of applause to this year‚Äôs #ACMawards Entertainer of the Year nominees: @Jason_Aldean, @GarthBrooks, @Lu‚Ä¶",Thu Mar 01 14:29:20 +0000 2018,0.7717,0.325,0.0,0.675,75
@CBS,".@ChrisStapleton, @ThomasRhett, @mirandalambert and more are all nominated for awards at Country Music's Party of t‚Ä¶ https://t.co/Vm1vXRUDYJ",Thu Mar 01 14:15:29 +0000 2018,0.6908,0.275,0.0,0.725,76
@CBS,"The Queen of Country, @Reba, is returning to host the 53rd #ACMawards on Sunday, April 15 at 8/7c. Here are a few o‚Ä¶ https://t.co/Iqzz6Gql01",Thu Mar 01 13:50:11 +0000 2018,0.0,0.0,0.0,1.0,77
@CBS,RT @survivorcbs: It‚Äôs time! #Survivor https://t.co/YPk6cGWrUA,Thu Mar 01 01:04:52 +0000 2018,0.0,0.0,0.0,1.0,78
@CBS,"RT @CBSThisMorning: TOMORROW: The nominees for the 2018 @ACMawards will be announced live by the one-and-only, @Reba! 

Watch on @CBS in ou‚Ä¶",Wed Feb 28 19:56:58 +0000 2018,0.0,0.0,0.0,1.0,79
@CBS,"RT @thegoodfight: From the set design and costumes to hair and makeup, the production quality is truly next-level. Take a peek inside the u‚Ä¶",Wed Feb 28 19:08:30 +0000 2018,0.4404,0.116,0.0,0.884,80
@CBS,RT @LivinBiblically: The fun continues on Facebook! The #LivingBiblically cast is live to talk about tonight‚Äôs premiere. Tune in here: http‚Ä¶,Tue Feb 27 03:23:47 +0000 2018,0.5562,0.152,0.0,0.848,81
@CBS,"RT @KevinCanWaitCBS: Can you get all the way through these #KevinCanWait bloopers without laughing?! @KevinJames,@LeahRemini and the rest o‚Ä¶",Mon Feb 26 22:50:32 +0000 2018,0.0,0.0,0.0,1.0,82
@CBS,"RT @ACMawards: That‚Äôs right! @Reba is headed to @CBSThisMorning on Thursday, March 1 to announce this year‚Äôs #ACMAwards' nominees. Tune in‚Ä¶",Mon Feb 26 21:08:30 +0000 2018,0.0,0.0,0.0,1.0,83
@CBS,"RT @ScorpionCBS: You can't hack your way to a 197 IQ, but you are well on your way with these Genius Facts from #TeamScorpion! üíª You can be‚Ä¶",Mon Feb 26 19:53:41 +0000 2018,0.4482,0.105,0.0,0.895,84
@CBS,RT @SuperiorDonuts: You can always count on @DavidKoechner for a laugh! Did your favorite Tush moment make the list? Catch a new #SuperiorD‚Ä¶,Mon Feb 26 18:32:36 +0000 2018,0.784,0.266,0.0,0.734,85
@CBS,RT @TheTalkCBS: TODAY: We loved them together then &amp; we love seeing them together now! Welcome back to the show @THESaraGilbert‚Äã's good fri‚Ä¶,Mon Feb 26 18:20:16 +0000 2018,0.9359,0.429,0.0,0.571,86
@CBS,"RT @thegoodfight: As foundations begin to crumble, our characters struggle to make sense of this new dystopian world. The cast teases what'‚Ä¶",Mon Feb 26 16:53:56 +0000 2018,-0.5423,0.0,0.184,0.816,87
@CBS,"#LivingBiblically's @linzkraft and @jrfergjr appeared on @KCBS's Facebook Live this morning, talking all about what‚Ä¶ https://t.co/4RebcHuuMQ",Mon Feb 26 16:52:01 +0000 2018,0.0,0.0,0.0,1.0,88
@CBS,"RT @CBSSports: Introducing CBS Sports HQ, a New 24/7 Direct-to-Consumer Streaming Network for Sports News, Highlights, &amp; Analysis.

Stream‚Ä¶",Mon Feb 26 16:17:55 +0000 2018,0.0,0.0,0.0,1.0,89
@CBS,"RT @CBSBigBrother: It‚Äôs down to the final 5 celebrity Houseguests, and anyone could take home the grand prize! Tune in NOW to watch the #BB‚Ä¶",Mon Feb 26 01:12:32 +0000 2018,0.7644,0.231,0.0,0.769,90
@CBS,RT @startrekcbs: Binge the entire first season of #StarTrekDiscovery. All episodes now streaming exclusively on CBS All Access: https://t.c‚Ä¶,Sun Feb 25 21:51:32 +0000 2018,0.0,0.0,0.0,1.0,91
@CBS,"RT @thegoodfight: #TheGoodFight returns in 1 week. Season 2 premieres Sunday, March 4. https://t.co/nomCao1GWp https://t.co/BOn6bOe9Tb",Sun Feb 25 21:51:22 +0000 2018,0.0,0.0,0.0,1.0,92
@CBS,RT @thegoodfight: This is our new favorite thing. Christine Baranski debuted #TheGoodFight the Musical on @colbertlateshow last night! üéµüé§‚Ä¶,Fri Feb 23 18:15:40 +0000 2018,0.5093,0.155,0.0,0.845,93
@CBS,"RT @LivinBiblically: Confession time: have YOU ever hit the ""close door"" button in an elevator while somebody was approaching? The cast of‚Ä¶",Thu Feb 22 19:26:52 +0000 2018,0.0,0.0,0.0,1.0,94
@CBS,RT @CBSEyeSpeak: Mark your calendars! #CBSEyeSpeak kicks off March 14 with The EYE Speak Summit. Follow our page for more details! https://‚Ä¶,Wed Feb 21 19:20:04 +0000 2018,0.0,0.0,0.0,1.0,95
@CBS,"RT @CBSEyeSpeak: Proud to announce a new CBS initiative, promoting female empowerment and developing the next generation of leaders through‚Ä¶",Wed Feb 21 18:19:25 +0000 2018,0.6808,0.248,0.0,0.752,96
@CBS,"RT @LivinBiblically: When you're living by the Bible, it's good to have a priest and a rabbi on call (provided they answer their phones, th‚Ä¶",Tue Feb 20 19:55:19 +0000 2018,0.4404,0.116,0.0,0.884,97
@CBS,"RT @thegoodfight: Chicago lawyers are being hunted and the world is going insane. 

The new season of #TheGoodFight premieres Sunday, March‚Ä¶",Tue Feb 20 17:58:18 +0000 2018,-0.4019,0.0,0.119,0.881,98
@CBS,Ready for some larger than life competition? This new series from @MarkBurnettTV will premiere in summer 2018.‚Ä¶ https://t.co/gDXHLdIJ5v,Tue Feb 20 17:39:51 +0000 2018,0.3612,0.128,0.0,0.872,99
@CBS,"With tournament dreams on the line, make sure to stream these college basketball matchups on CBS All Access:‚Ä¶ https://t.co/SGkYUZrQWB",Sat Feb 17 01:07:20 +0000 2018,0.6124,0.227,0.0,0.773,100
@CNN,CNN has learned that the US military is discussing sending more troops to Syria; US President Trump remarked last T‚Ä¶ https://t.co/9cKMsoiIwh,Tue Apr 03 03:16:06 +0000 2018,0.0,0.0,0.0,1.0,1
@CNN,Channing Tatum and Jenna Dewan Tatum announce they are separating after nearly nine years of marriage.‚Ä¶ https://t.co/IVFmBdpciK,Tue Apr 03 03:06:00 +0000 2018,0.0,0.0,0.0,1.0,2
@CNN,"A Democratic candidate in Kentucky said she will pull her campaign ads from a local Sinclair station, and called on‚Ä¶ https://t.co/IzYJCnLy1C",Tue Apr 03 03:01:06 +0000 2018,0.0,0.0,0.0,1.0,3
@CNN,"The conservative majority is undermining worker protections from the 1930s, Justice Ruth Bader Ginsburg wrote, ""wit‚Ä¶ https://t.co/GVPODsxoJM",Tue Apr 03 02:46:05 +0000 2018,0.2263,0.163,0.12,0.718,4
@CNN,"Why Sinclair matters: The company is the largest owner of local TV stations in the US, and local news is Americans'‚Ä¶ https://t.co/kUDE5VKmWp",Tue Apr 03 02:31:02 +0000 2018,0.0258,0.05,0.0,0.95,5
@CNN,"If Trump really wanted a DACA deal, there'd be a DACA deal | Analysis by CNN's Gregory Krieg https://t.co/Si14hyu4q4 https://t.co/LUjox6p2xo",Tue Apr 03 02:16:05 +0000 2018,0.0,0.0,0.0,1.0,6
@CNN,"Former FBI deputy director Andrew McCabe's wife, Jill McCabe, is calling President Trump's attacks on her family --‚Ä¶ https://t.co/eqaVf0SWn1",Tue Apr 03 02:06:17 +0000 2018,-0.4404,0.0,0.139,0.861,7
@CNN,Sinclair's fake-news zombies should terrify you | By David Rothkopf via @CNNOpinion https://t.co/z3i1QjTzZS https://t.co/gpbBJHcfgK,Tue Apr 03 02:01:05 +0000 2018,-0.5106,0.0,0.216,0.784,8
@CNN,"RT @AC360: President Trump is the real wall right now, blocking immigration reform, says Univision host Jorge Ramos https://t.co/gS4Z4Tx3TV‚Ä¶",Tue Apr 03 01:51:48 +0000 2018,-0.3818,0.0,0.126,0.874,9
@CNN,Former Obama White House chief of staff Leon Panetta likens President Trump's choice of company for his Easter week‚Ä¶ https://t.co/A06qQPUhJ4,Tue Apr 03 01:50:37 +0000 2018,0.0,0.0,0.0,1.0,10
@CNN,"A dingy, old painting found in an Iowa art gallery's closet turns out to be the work of a 16th-century Dutch master‚Ä¶ https://t.co/lwmWxdjL7N",Tue Apr 03 01:46:02 +0000 2018,0.0,0.0,0.0,1.0,11
@CNN,A coal power company files for bankruptcy and asks President Trump for a bailout https://t.co/ju4AXFbI7b https://t.co/7ylHVUfAz8,Tue Apr 03 01:41:04 +0000 2018,-0.1027,0.0,0.097,0.903,12
@CNN,"Survivors of a school shooting in Parkland, Florida, returned from spring break to new security measures -- includi‚Ä¶ https://t.co/LI2iLBqxzy",Tue Apr 03 01:38:06 +0000 2018,0.34,0.124,0.0,0.876,13
@CNN,"RT @AC360: They ""look like the bar scene in Star Wars"" Former Obama White House Chief of Staff Leon Panetta on President Trump's choice of‚Ä¶",Tue Apr 03 01:36:53 +0000 2018,-0.2732,0.086,0.124,0.79,14
@CNN,"The White House is ""looking into"" embattled EPA Administrator Scott Pruitt's housing situation amid reports that he‚Ä¶ https://t.co/iyae5nvbbu",Tue Apr 03 01:34:08 +0000 2018,0.0,0.0,0.0,1.0,15
@CNN,Winnie Madikizela-Mandela reveals South Africa's uncomfortable truths | By Kevin Bloom via @CNNOpinion‚Ä¶ https://t.co/IaJjfOLJK7,Tue Apr 03 01:31:09 +0000 2018,0.0516,0.171,0.159,0.671,16
@CNN,A Cleveland fertility clinic is facing dozens of legal actions after failure of a cryopreservation tank containing‚Ä¶ https://t.co/npfuQvCeQC,Tue Apr 03 01:28:00 +0000 2018,-0.4215,0.08,0.176,0.745,17
@CNN,Dating app Grindr says it will stop sharing the HIV status of its users with other companies https://t.co/J4Ncf5G0Kx https://t.co/ezWSXB46wZ,Tue Apr 03 01:23:46 +0000 2018,0.1531,0.127,0.1,0.773,18
@CNN,John Oliver compares Sinclair news anchors to ‚Äúmembers of a brainwashed cult‚Äù https://t.co/5Nu0JMbYtT https://t.co/0kNPCmZEDe,Tue Apr 03 01:10:07 +0000 2018,0.0,0.0,0.0,1.0,19
@CNN,"President Trump's tweets this weekend attacked:

‚ñ† The news media, except for Fox News and Sinclair Broadcast Group‚Ä¶ https://t.co/qnOwchRCI0",Tue Apr 03 01:03:14 +0000 2018,-0.4588,0.0,0.15,0.85,20
@CNN,President Trump's latest dog whistle on immigration is more like a scream | Analysis by @CillizzaCNN‚Ä¶ https://t.co/5d5mzDA7dT,Tue Apr 03 01:01:09 +0000 2018,-0.0478,0.149,0.159,0.693,21
@CNN,Sinclair tells stations to air media-bashing promos ‚Äî and the criticism goes viral https://t.co/dyZP1g6g4z https://t.co/2ev2q7heAB,Tue Apr 03 00:51:02 +0000 2018,-0.4404,0.0,0.182,0.818,22
@CNN,"A family's SUV found at the bottom of a California cliff last week may have been deliberately driven off the road,‚Ä¶ https://t.co/2OTBqYvRyF",Tue Apr 03 00:43:07 +0000 2018,0.0,0.0,0.0,1.0,23
@CNN,"Winnie Madikizela-Mandela, the South African anti-apartheid campaigner and former wife of the late President Nelson‚Ä¶ https://t.co/XwFyzlLOeP",Tue Apr 03 00:38:04 +0000 2018,0.0,0.0,0.0,1.0,24
@CNN,Keeping Them Honest: What triggered President Trump's weekend Twitter tirade? Was it the company he was keeping at‚Ä¶ https://t.co/ity17j0xw3,Tue Apr 03 00:33:33 +0000 2018,0.5106,0.155,0.0,0.845,25
@CNN,"56 cases of severe bleeding in Illinois, including two deaths, have been tied to synthetic cannabinoids -- often ca‚Ä¶ https://t.co/m2o15n47Lj",Tue Apr 03 00:27:03 +0000 2018,-0.3818,0.0,0.12,0.88,26
@CNN,The Trump administration has announced several changes for Medicare plans aimed at increasing competition and reduc‚Ä¶ https://t.co/LLYcOf1E1l,Tue Apr 03 00:22:03 +0000 2018,0.0,0.0,0.0,1.0,27
@CNN,RT @betsy_klein: üôãüê∞ hop on over to the @CNN Instagram story for more from me on #EggRoll2018 https://t.co/FKciIlEIlP,Tue Apr 03 00:18:50 +0000 2018,0.0,0.0,0.0,1.0,28
@CNN,The bunny who stole the show at the 140th White House Easter Egg Roll https://t.co/5ro9OVOeaG https://t.co/TJ1xfDW2YS,Tue Apr 03 00:10:23 +0000 2018,0.0,0.0,0.0,1.0,29
@CNN,The DOJ has announced it will evaluate immigration judges on how many cases they close and how fast they hear cases‚Ä¶ https://t.co/9QXJVouvlM,Tue Apr 03 00:05:20 +0000 2018,0.0,0.0,0.0,1.0,30
@CNN,"CNN's @ErinBurnett: ""The President talks the tough talk on firing. But when it comes down to it, he isn't saying th‚Ä¶ https://t.co/yRkBi4aPUh",Mon Apr 02 23:44:07 +0000 2018,-0.4404,0.0,0.163,0.837,31
@CNN,"RT @OutFrontCNN: ""It's not a dog whistle. It's a foghorn. ... It's simply racist to say that people are stealing our country."" - Democratic‚Ä¶",Mon Apr 02 23:37:00 +0000 2018,-0.8271,0.0,0.288,0.712,32
@CNN,4 groups that are warming up to Donald Trump | Analysis by @CillizzaCNN https://t.co/XlCSBzqcHD https://t.co/bNatECK1LM,Mon Apr 02 23:36:49 +0000 2018,0.1531,0.118,0.0,0.882,33
@CNN,"""Is this America's new face to the world?"" asks Ruth Ben-Ghiat, writing via @CNNOpinion about this photo of White H‚Ä¶ https://t.co/emYfkdkufe",Mon Apr 02 23:23:50 +0000 2018,0.0,0.0,0.0,1.0,34
@CNN,A Florida middle school teacher is resigning after it was found she was also the host of a white supremacist podcas‚Ä¶ https://t.co/AjDkPaplrX,Mon Apr 02 23:16:35 +0000 2018,-0.1027,0.07,0.089,0.841,35
@CNN,Trump is obsessed with going 'nuclear' in the Senate | Analysis by CNN's Z. Byron Wolf https://t.co/ILKDLi4fWQ https://t.co/zP0OaZKdvk,Mon Apr 02 23:14:23 +0000 2018,-0.1779,0.0,0.096,0.904,36
@CNN,"Roger Stone's potential ties to WikiLeaks and its founder, Julian Assange, are being investigated by special counse‚Ä¶ https://t.co/wRd2OcAxi1",Mon Apr 02 22:58:38 +0000 2018,0.4019,0.137,0.0,0.863,37
@CNN,Intel shares dipped several percentage points on a report that Apple plans to start making its own processors for M‚Ä¶ https://t.co/6jtXt1rfpS,Mon Apr 02 22:47:29 +0000 2018,0.296,0.104,0.0,0.896,38
@CNN,President Trump has nominated Justin Muzinich as the Treasury Department's deputy secretary. He will serve as Treas‚Ä¶ https://t.co/P5ptl6e76M,Mon Apr 02 22:39:11 +0000 2018,0.2023,0.096,0.0,0.904,39
@CNN,"California's attorney general sued Sutter Health, accusing the hospital giant of illegally quashing competition and‚Ä¶ https://t.co/OX5B6cII9E",Mon Apr 02 22:34:24 +0000 2018,-0.1779,0.0,0.102,0.898,40
@CNN,"RT @CNNSitRoom: If President Trump pulls the US out of Syria, he will ‚Äúpay a price ... from a history‚Äôs point of view,‚Äù former CIA Director‚Ä¶",Mon Apr 02 22:34:11 +0000 2018,0.0,0.0,0.0,1.0,41
@CNN,The Environment Protection Agency wants to give automakers a break on emissions rules established under the Obama A‚Ä¶ https://t.co/pHrCejgpAI,Mon Apr 02 22:31:21 +0000 2018,0.0,0.0,0.0,1.0,42
@CNN,"Wall Street is sending President Trump a message: Don't start a trade war. And lay off Amazon, one of the most impo‚Ä¶ https://t.co/d53hoXQ0KQ",Mon Apr 02 22:17:46 +0000 2018,0.5921,0.203,0.0,0.797,43
@CNN,"RT @CNNSitRoom: After President Trump called the DOJ and FBI an embarrassment to our country, Rep. Castro says he‚Äôs surprised that Jeff Ses‚Ä¶",Mon Apr 02 22:14:22 +0000 2018,-0.25,0.074,0.112,0.814,44
@CNN,How office buildings are reducing their carbon footprint https://t.co/wpTo0rT1Re https://t.co/f5BnMN5Sov,Mon Apr 02 22:00:39 +0000 2018,0.0,0.0,0.0,1.0,45
@CNN,The National Institute on Alcohol Abuse and Alcoholism is coming under scrutiny over communications with the alcoho‚Ä¶ https://t.co/7iQzWF9C64,Mon Apr 02 21:58:36 +0000 2018,-0.6369,0.0,0.198,0.802,46
@CNN,The Trump administration is reconsidering its proposal to sharply increase entry fees at some popular national park‚Ä¶ https://t.co/5unIjFba2q,Mon Apr 02 21:50:33 +0000 2018,0.6249,0.242,0.0,0.758,47
@CNN,RT @TheLeadCNN: Sinclair responds to criticism of their media-bashing promos that TV anchors were forced to read https://t.co/f3NrQGtVBK ht‚Ä¶,Mon Apr 02 21:47:17 +0000 2018,-0.7096,0.0,0.258,0.742,48
@CNN,One day after Vermont lawmakers approved sweeping gun control measures that include limits on the size of magazines‚Ä¶ https://t.co/d0ala3G2qY,Mon Apr 02 21:41:06 +0000 2018,0.1027,0.126,0.108,0.766,49
@CNN,Democratic Rep. Elizabeth Esty announces she is not seeking re-election after revelations that she kept her chief o‚Ä¶ https://t.co/IyJfBqMiuC,Mon Apr 02 21:31:05 +0000 2018,0.0,0.0,0.0,1.0,50
@CNN,"RT @TheLeadCNN: Dem. Senator Mazie Hirono calls President Trump's suggestion to pull US troops out of Syria another example of his ""incoher‚Ä¶",Mon Apr 02 21:26:12 +0000 2018,0.0,0.0,0.0,1.0,51
@CNN,The White House says a new immigration push is coming as President Trump posts a string of tweets pushing a hard li‚Ä¶ https://t.co/OK9Gv0UIgL,Mon Apr 02 21:23:04 +0000 2018,-0.1027,0.0,0.069,0.931,52
@CNN,Democratic Rep. Elizabeth Esty announces she is not seeking re-election after revelations that she kept her chief o‚Ä¶ https://t.co/1Q9XuyMgg7,Mon Apr 02 21:15:51 +0000 2018,0.0,0.0,0.0,1.0,53
@CNN,CNN has learned that the US military is discussing sending more troops to Syria; US President Trump remarked last T‚Ä¶ https://t.co/MsQvMGNVkj,Mon Apr 02 21:06:12 +0000 2018,0.0,0.0,0.0,1.0,54
@CNN,Elizabeth Esty just bowed to the inevitable | Analysis by @CillizzaCNN https://t.co/5X8xQd1n9A https://t.co/Q5GbV1PgS9,Mon Apr 02 21:03:01 +0000 2018,0.0,0.0,0.0,1.0,55
@CNN,"A Democratic candidate in Kentucky said she will pull her campaign ads from a local Sinclair station, and called on‚Ä¶ https://t.co/OKuTLtQHkK",Mon Apr 02 21:00:30 +0000 2018,0.0,0.0,0.0,1.0,56
@CNN,"RT @TheLeadCNN: CNN has learned that the US military is discussing sending more troops to Syria, as Trump said last Thursday that the US wo‚Ä¶",Mon Apr 02 20:57:47 +0000 2018,0.0,0.0,0.0,1.0,57
@CNN,"The conservative majority is undermining worker protections from the 1930s, Justice Ruth Bader Ginsburg wrote, ""wit‚Ä¶ https://t.co/iHkbwYngxo",Mon Apr 02 20:57:26 +0000 2018,0.2263,0.163,0.12,0.718,58
@CNN,"RT @CNNnewsroom: Sinclair Broadcasting‚Äôs ‚Äúfake news"" promo sounds ""a lot like pro-Trump anti-media messaging‚Äù says CNN‚Äôs @brianstelter http‚Ä¶",Mon Apr 02 20:53:44 +0000 2018,0.3612,0.128,0.0,0.872,59
@CNN,"If Trump really wanted a DACA deal, there'd be a DACA deal | Analysis by CNN's Gregory Krieg https://t.co/IPTcxApUSu https://t.co/hP4h2kjGKC",Mon Apr 02 20:51:44 +0000 2018,0.0,0.0,0.0,1.0,60
@CNN,New York tightens gun restrictions for domestic abusers https://t.co/RHjSk55MQn https://t.co/e9RUJJJX70,Mon Apr 02 20:49:16 +0000 2018,-0.7184,0.0,0.429,0.571,61
@CNN,"A dingy, old painting found in an Iowa art gallery's closet turns out to be the work of a 16th-century Dutch master‚Ä¶ https://t.co/OpnL196Rkr",Mon Apr 02 20:36:00 +0000 2018,0.0,0.0,0.0,1.0,62
@CNN,President Trump puts hold on more than $200 million in Syria recovery funds https://t.co/UV71l7zsDf https://t.co/UIGBGCK6rK,Mon Apr 02 20:25:54 +0000 2018,0.0,0.0,0.0,1.0,63
@CNN,BREAKING: The Dow drops 459 points as trade tensions rise. Amazon loses 5% after Trump's Twitter attacks on the int‚Ä¶ https://t.co/WwKMdPAiiu,Mon Apr 02 20:24:42 +0000 2018,-0.7351,0.064,0.297,0.639,64
@CNN,"Amelia Gray Hamlin, the daughter of actors Lisa Rinna and Harry Hamlin, revealed on Instagram that she struggled wi‚Ä¶ https://t.co/YlfOQR3mkX",Mon Apr 02 20:11:50 +0000 2018,-0.34,0.0,0.112,0.888,65
@CNN,"Pope Francis used his Easter Sunday address to call for ""reconciliation for the Holy Land,"" in an apparent referenc‚Ä¶ https://t.co/kxDMzalVhT",Mon Apr 02 20:11:19 +0000 2018,0.0,0.0,0.0,1.0,66
@CNN,"RT @CNNMoney: Dow closes down 459 points on trade war fears, tech drop. Nasdaq sinks 2.7%. Amazon loses 5% after Trump attack. https://t.co‚Ä¶",Mon Apr 02 20:04:29 +0000 2018,-0.91,0.052,0.432,0.517,67
@CNN,Pernilla Lindberg wins her first title at her 250th professional tournament -- and it's a major‚Ä¶ https://t.co/pShnuskrXn,Mon Apr 02 20:01:11 +0000 2018,0.5719,0.198,0.0,0.802,68
@CNN,"RT @CNNnewsroom: Our textbooks are so outdated they ""talk about going to your local librarian so they can talk to you about this new thing‚Ä¶",Mon Apr 02 19:56:16 +0000 2018,0.0,0.0,0.0,1.0,69
@CNN,A lawyer for President Trump has begun the process of appealing last month's decision by a New York judge to allow‚Ä¶ https://t.co/5N5V3yaEw6,Mon Apr 02 19:54:20 +0000 2018,0.0,0.0,0.0,1.0,70
@CNN,An official with the US Immigration and Customs Enforcement office in San Francisco apologized for posting an image‚Ä¶ https://t.co/NNBmMXOTrL,Mon Apr 02 19:52:49 +0000 2018,0.3182,0.113,0.0,0.887,71
@CNN,"Losing MLK ""hurts all the time,"" but we fight on, Jesse Jackson says https://t.co/NUfuH4Chuc via @CNNOpinion https://t.co/QGS3mQzJal",Mon Apr 02 19:41:03 +0000 2018,-0.7391,0.0,0.341,0.659,72
@CNN,"Why Sinclair matters: The company is the largest owner of local TV stations in the US, and local news is Americans'‚Ä¶ https://t.co/FtwlHH0iZH",Mon Apr 02 19:31:06 +0000 2018,0.0258,0.05,0.0,0.95,73
@CNN,Sinclair's fake-news zombies should terrify you | By David Rothkopf via @CNNOpinion https://t.co/rmEhwdbIdR https://t.co/G9vZz0YIQw,Mon Apr 02 19:21:04 +0000 2018,-0.5106,0.0,0.216,0.784,74
@CNN,A coal power company files for bankruptcy and asks President Trump for a bailout https://t.co/BHqry0OJUr https://t.co/qIhW9NhYgV,Mon Apr 02 19:11:07 +0000 2018,-0.1027,0.0,0.097,0.903,75
@CNN,"Critics are calling Sinclair's promos pro-Trump propaganda. Now the company is defending the initiative as a ""corpo‚Ä¶ https://t.co/xPRM8RxI31",Mon Apr 02 19:01:02 +0000 2018,-0.4939,0.0,0.219,0.781,76
@CNN,"Inspired by the West Virginia strike in which teachers demanded and got a pay raise from state leaders, a wave of e‚Ä¶ https://t.co/NiKcjUGle7",Mon Apr 02 18:50:06 +0000 2018,0.1027,0.128,0.192,0.68,77
@CNN,Pope Francis baptized a Nigerian migrant -- who shot to fame after confronting a thief on the streets of Rome -- as‚Ä¶ https://t.co/RBaHosr7jD,Mon Apr 02 18:40:10 +0000 2018,-0.2732,0.112,0.193,0.695,78
@CNN,"Winnie Mandela, the South African anti-apartheid activist and former wife of the late President Nelson Mandela, has‚Ä¶ https://t.co/Ij5SXPaYsJ",Mon Apr 02 18:30:03 +0000 2018,0.0,0.0,0.0,1.0,79
@CNN,This 17-year-old applied to 20 of the best universities in the US and was admitted to every single one with a full‚Ä¶ https://t.co/kp5FbvapRr,Mon Apr 02 18:20:01 +0000 2018,0.6808,0.219,0.0,0.781,80
@CNN,Special counsel Robert Mueller's office is defending an agreement it made with a Dutch lawyer tied to former Trump‚Ä¶ https://t.co/BW9R1sfmFC,Mon Apr 02 18:10:06 +0000 2018,0.7096,0.258,0.0,0.742,81
@CNN,These teens are marching 50 miles to Memphis -- one mile for each year since Martin Luther King Jr. was killed‚Ä¶ https://t.co/sBWhnAmyYf,Mon Apr 02 18:00:11 +0000 2018,0.0,0.0,0.0,1.0,82
@CNN,"RT @CNNnewsroom: Democratic Rep. John Delaney slams Trump's attacks on Amazon as ""very dangerous... It's clearly an attack on the free and‚Ä¶",Mon Apr 02 17:58:09 +0000 2018,0.2415,0.257,0.194,0.549,83
@CNN,"More than three dozen people suffered severe bleeding, and one died, related to synthetic cannabinoids, according t‚Ä¶ https://t.co/xAgbYDh6Dh",Mon Apr 02 17:50:07 +0000 2018,-0.8555,0.0,0.385,0.615,84
@CNN,Here's why Oklahoma teachers walked out today | Analysis by @CillizzaCNN https://t.co/6ntqk05KnJ https://t.co/3eoBIjAPaQ,Mon Apr 02 17:40:07 +0000 2018,0.0,0.0,0.0,1.0,85
@CNN,"Marijuana legalization could help offset the opioid epidemic, studies find https://t.co/qulyDRslrm https://t.co/h8IzanZE3D",Mon Apr 02 17:30:17 +0000 2018,0.4019,0.197,0.0,0.803,86
@CNN,China hits the United States with tariffs on $3 billion of exports https://t.co/nNT3krXSkn https://t.co/ioqEwtkFiQ,Mon Apr 02 17:20:06 +0000 2018,0.4215,0.177,0.0,0.823,87
@CNN,White House confirms President Trump and Russian President Vladimir Putin discussed the possibility of meeting at t‚Ä¶ https://t.co/EgQnltqxbh,Mon Apr 02 17:11:08 +0000 2018,0.0,0.0,0.0,1.0,88
@CNN,"A family's SUV found at the bottom of a California cliff last week may have been deliberately driven off the road,‚Ä¶ https://t.co/cCZRaFKWvj",Mon Apr 02 17:02:09 +0000 2018,0.0,0.0,0.0,1.0,89
@CNN,Democratic Rep. John Garamendi on President Trump's comments that Democrats are to blame for not having a deal on D‚Ä¶ https://t.co/ZCA2WWv3Sc,Mon Apr 02 16:50:27 +0000 2018,-0.34,0.0,0.112,0.888,90
@CNN,President Trump's attacks on Amazon are working. The company's stock sank 5% Monday after the President accused it‚Ä¶ https://t.co/ExjxHHfLoF,Mon Apr 02 16:40:03 +0000 2018,-0.5267,0.075,0.224,0.702,91
@CNN,This ancient Chinese art was at risk of becoming obsolete. Here's how Dragon scale bookbinding is being resurrected‚Ä¶ https://t.co/2sq6WpMqbA,Mon Apr 02 16:33:36 +0000 2018,-0.5106,0.0,0.202,0.798,92
@CNN,"President Trump says ""our country is being stolen"" due to an influx of illegal immigration, blaming Democrats for w‚Ä¶ https://t.co/6BEn0qGJaA",Mon Apr 02 16:23:01 +0000 2018,-0.875,0.0,0.37,0.63,93
@CNN,John Oliver compares Sinclair news anchors to ‚Äúmembers of a brainwashed cult‚Äù https://t.co/X8xGi5jwad https://t.co/aRhiapjGCh,Mon Apr 02 16:11:06 +0000 2018,0.0,0.0,0.0,1.0,94
@CNN,"RT @CNNnewsroom: ""Instead of finding logical sources for funding, they just want to cut and take away... Our kids deserve better"" says a Ke‚Ä¶",Mon Apr 02 16:02:03 +0000 2018,0.2732,0.16,0.08,0.76,95
@CNN,Rescuers in Southern California spotted and freed a 13-year-old boy who was stuck in a maze of drainage pipes for a‚Ä¶ https://t.co/BWqLvxe86t,Mon Apr 02 16:01:31 +0000 2018,0.1779,0.119,0.088,0.793,96
@CNN,The best travel photos of 2018 (so far) https://t.co/lhcuCYTYnn https://t.co/Qc11bBFpcg,Mon Apr 02 15:59:09 +0000 2018,0.6369,0.318,0.0,0.682,97
@CNN,RT @CNNMoney: McDonald's is tripling its tuition benefits because of the new tax law https://t.co/12QVVaIKVR https://t.co/7ljjVYO8qw,Mon Apr 02 15:55:48 +0000 2018,0.3818,0.148,0.0,0.852,98
@CNN,Apple is proposing 13 new emojis in an effort to better represent people with disabilities https://t.co/0LtHvSiV3b https://t.co/FlN4JhxTr5,Mon Apr 02 15:47:34 +0000 2018,0.4404,0.153,0.0,0.847,99
@CNN,"RT @CNNnewsroom: ""We would much rather be in our classrooms teaching today. I would much rather be with my students but... I need to be her‚Ä¶",Mon Apr 02 15:37:15 +0000 2018,0.0,0.0,0.0,1.0,100
@Fox,"RT @alicegoldfuss: ICYMI
1. @RealSexyCyborg asks @VICE not to report on her relationship status
2. @VICE does so anyway
3. @RealSexyCyborg‚Ä¶",Tue Apr 03 00:37:10 +0000 2018,0.0,0.0,0.0,1.0,1
@Fox,RT @madigan_lily: Basic üíÅüèº‚Äç‚ôÄÔ∏è https://t.co/hMEOrRZt9a,Mon Apr 02 00:52:41 +0000 2018,0.0,0.0,0.0,1.0,2
@Fox,"RT @adblanche: Reshare, because we need White #women doing the work to help their siblings of color to get real diversity in tech. #changet‚Ä¶",Sat Mar 31 22:25:16 +0000 2018,0.4019,0.105,0.0,0.895,3
@Fox,RT @cedfunches: Let that marinate a bit... http://t.co/fiijZDPo7K,Sat Mar 31 03:40:35 +0000 2018,0.0,0.0,0.0,1.0,4
@Fox,"RT @kylietimpani: Hey, what design conferences do you recommend? Anywhere in the world.",Fri Mar 30 23:19:30 +0000 2018,0.3612,0.172,0.0,0.828,5
@Fox,@glenngillen I can tell a lot from about / careers pages and how a business conducts themselves. :),Fri Mar 30 05:44:06 +0000 2018,0.4588,0.188,0.0,0.812,6
@Fox,RT @jessamyn: NYTimes releases Diversity and Inclusion Report. With graphs that have differing Y axes that subtly give the wrong impression‚Ä¶,Fri Mar 30 02:33:57 +0000 2018,-0.4767,0.0,0.14,0.86,7
@Fox,"@mjmichellekim also, thanks to you I‚Äôve just discovered you can pitch pieces to Quartz üôáüèª‚Äç‚ôÄÔ∏è",Thu Mar 29 22:58:07 +0000 2018,0.4404,0.172,0.0,0.828,8
@Fox,"‚ÄúTo achieve lasting change, you have to focus on something bigger than what you can measure in the short-term.‚Äù 

Y‚Ä¶ https://t.co/4b5womubML",Thu Mar 29 22:53:52 +0000 2018,0.0,0.0,0.0,1.0,9
@Fox,"I‚Äôm one of those people who create a spreadsheet for all the organisations I‚Äôm interviewing with, gather their dive‚Ä¶ https://t.co/2RsVggo5yI",Thu Mar 29 22:48:43 +0000 2018,0.2732,0.104,0.0,0.896,10
@Fox,@noopkat I subscribe to this newsletter,Thu Mar 29 08:14:48 +0000 2018,0.0,0.0,0.0,1.0,11
@Fox,"@kissane Sorry for being unclear! I think citation is great, I often found resources I haven‚Äôt seen before, plus al‚Ä¶ https://t.co/jcD3ZGYM7m",Thu Mar 29 05:36:01 +0000 2018,0.4753,0.194,0.145,0.661,12
@Fox,"@kissane So the approach of just hot linking to a website out there without considering how people could report, wh‚Ä¶ https://t.co/MrFZRDGLY6",Thu Mar 29 05:14:15 +0000 2018,0.0,0.0,0.0,1.0,13
@Fox,Just to clarify: linking to https://t.co/a6Ht7BpUMZ or other examples out there doesn‚Äôt constitute an inclusion or‚Ä¶ https://t.co/tktVbndmgi,Thu Mar 29 05:01:57 +0000 2018,0.0,0.0,0.0,1.0,14
@Fox,"@kissane Yeah, that is good! I meant the events that link directly to public Code of Conducts that have no contact details, etc.",Thu Mar 29 05:00:16 +0000 2018,0.4926,0.203,0.083,0.715,15
@Fox,"If a Code of Conduct of an event links to one of the community-hosted, external CoCs, what it tells me is that the‚Ä¶ https://t.co/K27uhTjXbg",Thu Mar 29 04:47:52 +0000 2018,0.0,0.0,0.0,1.0,16
@Fox,"AirBnB giving out user data to the Chinese government, Facebook discriminating through ads and leaking user informa‚Ä¶ https://t.co/lAHF6sJuKG",Thu Mar 29 03:15:10 +0000 2018,0.34,0.124,0.0,0.876,17
@Fox,"RT @sw: This is so exciting, @triketora lands in the Southern Hemisphere! üéâüêßüê≥ https://t.co/I5czjV84uE",Thu Mar 29 03:12:44 +0000 2018,0.6606,0.253,0.0,0.747,18
@Fox,"Thank you for the shout-out to inclusion at CSSConf AU @kylietimpani üôáüèª‚Äç‚ôÄÔ∏è

Make sure you read the entire interview‚Ä¶ https://t.co/S21RBI6s2y",Wed Mar 28 21:24:26 +0000 2018,0.5859,0.211,0.0,0.789,19
@Fox,"RT @Future_Females: Happy #MuslimWomensMonth ! Today we're watching one of our favourite advocates for tolerance and diversity, @yassmin_a‚Ä¶",Wed Mar 28 09:34:35 +0000 2018,0.7345,0.292,0.0,0.708,20
@Fox,I love how sometimes people advise underrepresented groups to take on opportunities that require significant salary‚Ä¶ https://t.co/eYww0rgKAE,Wed Mar 28 06:25:50 +0000 2018,0.8225,0.398,0.0,0.602,21
@Fox,RT @catehstn: Discovering the five causes of burnout that are not overwork informed this approach. It‚Äôs such a useful way to understand bur‚Ä¶,Wed Mar 28 06:02:55 +0000 2018,0.4404,0.121,0.0,0.879,22
@Fox,"A Tim Tam a day keeps the doctor away.

‚Äîancient Australian proverb",Wed Mar 28 05:37:09 +0000 2018,0.0,0.0,0.0,1.0,23
@Fox,"I‚Äôve been watching Big Little Lies lately, and the portrayal of the complexity of abusive relationships is both exc‚Ä¶ https://t.co/qMNxveax5O",Wed Mar 28 01:59:26 +0000 2018,-0.7722,0.0,0.271,0.729,24
@Fox,@RedRoxProjects Thank you! üíê,Wed Mar 28 01:44:18 +0000 2018,0.4199,0.583,0.0,0.417,25
@Fox,@OphelieLechat üíì,Wed Mar 28 01:15:30 +0000 2018,0.0,0.0,0.0,1.0,26
@Fox,"This, a thousand times for job interviews or ‚ÄùI just want to catch up and talk about things‚Äù. https://t.co/5AA2d4vkwd",Wed Mar 28 00:36:44 +0000 2018,0.0772,0.071,0.0,0.929,27
@Fox,@SaskiaFairfull North Melbourne Meat Market.,Wed Mar 28 00:17:46 +0000 2018,0.0,0.0,0.0,1.0,28
@Fox,@SaskiaFairfull Thank you!,Tue Mar 27 23:50:53 +0000 2018,0.4199,0.583,0.0,0.417,29
@Fox,"This incredible venue plus my art direction skills. I‚Äôm pretty proud of myself.

üíñ https://t.co/st8XZOoc4y",Tue Mar 27 23:41:20 +0000 2018,0.743,0.344,0.0,0.656,30
@Fox,"Have you ever seen a conference releasing a diversity report, even if it‚Äôs only in the spectrum of gender?

I haven‚Ä¶ https://t.co/e819on1BUh",Tue Mar 27 21:59:30 +0000 2018,0.0,0.0,0.0,1.0,31
@Fox,@darngooood I‚Äôm perpetually inspired by your clothing style. ‚ú®üò≠üòç,Tue Mar 27 09:00:45 +0000 2018,0.4939,0.286,0.0,0.714,32
@Fox,"@mspowahs ugh damn Facebook, the root of evil",Tue Mar 27 02:09:57 +0000 2018,-0.872,0.0,0.664,0.336,33
@Fox,"Company: Diversity and inclusion are really important to us!

Company has:

‚Üí Zero women
‚Üí Women only in support, m‚Ä¶ https://t.co/MZmNK67D6a",Tue Mar 27 01:25:24 +0000 2018,0.623,0.23,0.0,0.77,34
@Fox,"RT @zeynep: Show me your budget and business model, and I‚Äôll know your actual priorities. The rest is mostly PR. https://t.co/hy3XyoW3Lt",Tue Mar 27 00:54:50 +0000 2018,0.0,0.0,0.0,1.0,35
@Fox,@jennwrites the voices are coming from inside the house,Mon Mar 26 23:23:04 +0000 2018,0.0,0.0,0.0,1.0,36
@Fox,@lara_hogan Congratulations! You both look fantastic. üíù,Mon Mar 26 23:22:32 +0000 2018,0.8313,0.661,0.0,0.339,37
@Fox,"RT @menajew: There‚Äôs a common misconception that you can‚Äôt be Disabled and happy. That you can‚Äôt express joy, and if you do, you must not b‚Ä¶",Mon Mar 26 22:37:19 +0000 2018,0.8176,0.246,0.0,0.754,38
@Fox,"Meanwhile in Poland, where the government is still trying to push an abortion ban and curb women‚Äôs rights. https://t.co/zTmJo9P2gy",Mon Mar 26 22:25:49 +0000 2018,-0.5574,0.0,0.167,0.833,39
@Fox,"A casual reminder that you don‚Äôt need to be an entrepreneur, founder, C-level exec or a manager for your work to ma‚Ä¶ https://t.co/jcxAagr1cL",Mon Mar 26 07:00:10 +0000 2018,0.2023,0.083,0.0,0.917,40
@Fox,"@kouky @benschwarz It‚Äôs for me, obviously",Mon Mar 26 06:58:15 +0000 2018,0.0,0.0,0.0,1.0,41
@Fox,"Seriously, @wnotw? Alcohol is the top perk you can think of? https://t.co/itaV4XwmOZ",Mon Mar 26 03:56:41 +0000 2018,0.1179,0.156,0.123,0.722,42
@Fox,RT @sarahcuda: this is well put. https://t.co/5sDOcqX29b,Mon Mar 26 03:44:31 +0000 2018,0.2732,0.259,0.0,0.741,43
@Fox,I need this pin immediately. https://t.co/EHTEFefzop,Mon Mar 26 02:47:03 +0000 2018,0.0,0.0,0.0,1.0,44
@Fox,@dgoodlad might be of your interest https://t.co/pS2X5ExrLs,Mon Mar 26 02:42:53 +0000 2018,0.4588,0.333,0.0,0.667,45
@Fox,"Less mentoring, more empowerment.",Mon Mar 26 00:26:16 +0000 2018,0.0,0.0,0.0,1.0,46
@Fox,"My life in a nutshell (plus a few great strategies on not talking about ‚Äúbeing a woman in tech‚Äù).

üëèüèª @vaurorapub!

https://t.co/aTlTP0F8jI",Mon Mar 26 00:07:12 +0000 2018,0.6588,0.196,0.0,0.804,47
@Fox,"Do yourself a favour and read this fantastic piece by @sw and @vaurorapub on getting free from toxic tech culture.

https://t.co/CzPs8FaBcL",Mon Mar 26 00:05:56 +0000 2018,0.8873,0.381,0.0,0.619,48
@Fox,"After running a 4-day conference and I‚Äôm now back on calling out exclusion and toxic tech culture.

üíÅüèª‚Äç‚ôÄÔ∏è üëãüèª",Sun Mar 25 23:28:32 +0000 2018,-0.296,0.0,0.115,0.885,49
@Fox,"@benschwarz @adactio Also coffee at Karma, sweets at Massolit Bakery, wine at Charlotte, beer at Multi Qlti :)",Sun Mar 25 20:48:09 +0000 2018,0.7351,0.279,0.0,0.721,50
@Fox,RT @bubsolow: starting the job hunt ‚òû would appreciate any junior developer roles / feedback on my resume https://t.co/PiSPoASsEf,Sun Mar 25 01:36:33 +0000 2018,0.4019,0.144,0.0,0.856,51
@Fox,"@jennschiffer @laras126 @gr2m @jimthoburn @rouzbeh84 Yep, I just wanted to clarify why I was asking :)",Sat Mar 24 20:59:43 +0000 2018,0.6369,0.302,0.0,0.698,52
@Fox,"@jennschiffer @laras126 @gr2m @jimthoburn @rouzbeh84 I understand that, however I‚Äôd like to point out that there ar‚Ä¶ https://t.co/Bn3xxN1M2S",Sat Mar 24 20:44:20 +0000 2018,0.3612,0.135,0.0,0.865,53
@Fox,My event organizing performance review lies in community impressions. üôèüèª https://t.co/4mzFEwwzKR,Sat Mar 24 10:01:49 +0000 2018,-0.2263,0.139,0.204,0.657,54
@Fox,@laras126 @gr2m @jimthoburn @rouzbeh84 @jennschiffer Hmmmm... did that go through the rules for running a CSSConf? https://t.co/KaFgIwo4Rd,Sat Mar 24 09:37:21 +0000 2018,0.0,0.0,0.0,1.0,55
@Fox,"I wish all of the brands capitalizing on the feminist movement at least had some baseline of inclusion.

Make it in‚Ä¶ https://t.co/yK3F8MMBP0",Sat Mar 24 01:41:30 +0000 2018,0.4019,0.119,0.0,0.881,56
@Fox,"Looking to read some new, good product and design books. Any recommendations for publications within the last 3 years? üôè",Fri Mar 23 23:03:43 +0000 2018,0.4404,0.146,0.0,0.854,57
@Fox,"@tsunamino omg, so excellent!",Fri Mar 23 23:03:00 +0000 2018,0.7213,0.627,0.0,0.373,58
@Fox,@sch Sure! Thank you for being open to chatting. Emailed. :),Fri Mar 23 22:54:03 +0000 2018,0.7959,0.503,0.0,0.497,59
@Fox,"@sch I‚Äôm in Melbourne, which has 5 hours overlap with SF :)",Fri Mar 23 22:32:15 +0000 2018,0.4588,0.231,0.0,0.769,60
@Fox,@sch hey! I‚Äôm assuming this isn‚Äôt a remote job?,Fri Mar 23 22:17:43 +0000 2018,0.0,0.0,0.0,1.0,61
@Fox,"@jasonfried I always really enjoyed 37signals‚Äô books, but I can‚Äôt unsee the ableism in the title...",Fri Mar 23 22:09:16 +0000 2018,0.3174,0.15,0.0,0.85,62
@Fox,I‚Äôd love to have more time to build up my professional portfolio but it‚Äôs hard to focus when there‚Äôs no job securit‚Ä¶ https://t.co/QOnLi6v91M,Fri Mar 23 22:08:00 +0000 2018,-0.2023,0.096,0.163,0.741,63
@Fox,"As much as I love connecting with fellow women at tech events, it always breaks my heart so much that half of the c‚Ä¶ https://t.co/DlZtj3F2AQ",Fri Mar 23 22:05:46 +0000 2018,0.6369,0.154,0.0,0.846,64
@Fox,"@mapotato I‚Äôm so sorry about this, Theresa. We will try to find out the name of the offender. There will be consequences.",Fri Mar 23 22:04:12 +0000 2018,-0.5009,0.0,0.175,0.825,65
@Fox,Inclusion sections on careers pages mean nothing if you can‚Äôt reply to all candidates no matter the outcome and giv‚Ä¶ https://t.co/JrBPxHYF7m,Fri Mar 23 22:02:44 +0000 2018,-0.2732,0.049,0.099,0.852,66
@Fox,@almonk @jgwhite @itchymutt Interesting. I‚Äôd be keen to chat in that case :),Fri Mar 23 10:19:46 +0000 2018,0.802,0.451,0.0,0.549,67
@Fox,RT @duyenho: Hats off to @Fox for being the real deal üí™ Thank you Karolina and @benschwarz for the last ever #jsconfau18 https://t.co/8oRoy‚Ä¶,Fri Mar 23 10:08:18 +0000 2018,0.3612,0.106,0.0,0.894,68
@Fox,RT @not_sherry_wine: Shoutout to @fox and @benschwarz for the fantastic #JSConfAU18. The opportunity program is one of the best gift I‚Äôve b‚Ä¶,Fri Mar 23 10:08:07 +0000 2018,0.926,0.429,0.0,0.571,69
@Fox,"RT @the_patima: üì¢‚ú® I have something to tell you all...

I'm going to Berlin in June to speak at @jsconfeu!!!! üíñ

üåü It's my 1st ever trip to‚Ä¶",Fri Mar 23 08:32:21 +0000 2018,0.0,0.0,0.0,1.0,70
@Fox,@itchymutt @heroku SF-based?,Fri Mar 23 08:30:43 +0000 2018,0.0,0.0,0.0,1.0,71
@Fox,RT @susanthesquark: I've said it a million times and I'll keep shouting it from the rooftops: a company's diversity and inclusion efforts m‚Ä¶,Fri Mar 23 03:38:24 +0000 2018,0.0,0.0,0.0,1.0,72
@Fox,"Apparently someone said that they‚Äôre only afraid of meeting two people; @dhh and myself.

I will take this as a compliment.",Thu Mar 22 23:43:23 +0000 2018,0.4767,0.147,0.0,0.853,73
@Fox,"That‚Äôs a wrap, everyone. CSSConf and JSConf Australia are now a thing of a past.

Hope we left you inspired and with new friends.

üôå",Thu Mar 22 20:41:52 +0000 2018,0.8481,0.338,0.0,0.662,74
@Fox,"@robodana Thank you for your kind words, Dana! I‚Äôm glad you‚Äôve enjoyed it",Thu Mar 22 20:29:50 +0000 2018,0.9098,0.581,0.0,0.419,75
@Fox,"@kriesse @benschwarz Texting from bed, yes üå∏",Thu Mar 22 20:29:29 +0000 2018,0.4019,0.351,0.0,0.649,76
@Fox,"@sentience Ah, interesting! Great photos üëèüèª",Thu Mar 22 01:21:07 +0000 2018,0.7959,0.639,0.0,0.361,77
@Fox,@sentience what camera and lenses are you using? Fuji or Leica? The quality is quite great.,Thu Mar 22 01:09:38 +0000 2018,0.6959,0.241,0.0,0.759,78
@Fox,"RT @JSConfAU: Did you enjoy the live stream today? Great, because we‚Äôre doing it again today.

Tune in for awesome tech talks. üôè‚ù§Ô∏è #jsconfa‚Ä¶",Wed Mar 21 23:17:34 +0000 2018,0.9081,0.352,0.0,0.648,79
@Fox,"I have so many subtweets about people misbehaving in subtle ways at conferences I could probably write a book by now. 

Last day to go!",Wed Mar 21 22:35:50 +0000 2018,-0.4574,0.0,0.125,0.875,80
@Fox,"RT @fox: üö®üëãüèª Hi everyone! I‚Äôm searching for new opportunities. 

I‚Äôm looking for multidisciplinary product, front-end and leadership roles.‚Ä¶",Wed Mar 21 01:30:04 +0000 2018,0.4389,0.138,0.0,0.862,81
@Fox,@RedRoxProjects Thank you! üå∫,Tue Mar 20 23:43:13 +0000 2018,0.4199,0.583,0.0,0.417,82
@Fox,@agisilaosts thank you! üå∫,Tue Mar 20 23:21:08 +0000 2018,0.4199,0.583,0.0,0.417,83
@Fox,"We‚Äôre live streaming @jsconfau talks all day today and tomorrow. Starting in 30 minutes!

https://t.co/ttIzoV4Cjz",Tue Mar 20 22:30:20 +0000 2018,0.0,0.0,0.0,1.0,84
@Fox,RT @frameshiftllc: New angle for change in VC: founders refusing to take funding from all-male all-white firms https://t.co/AMi8UJbTGO,Tue Mar 20 19:54:47 +0000 2018,-0.4019,0.0,0.137,0.863,85
@Fox,@sentience @benschwarz @glenmaddern @xzyfer @jordanlewiz I like how everyone is wearing black or tan pants.,Tue Mar 20 19:54:21 +0000 2018,0.3612,0.161,0.0,0.839,86
@Fox,"@kriesse @benschwarz ‚ù§Ô∏è‚ù§Ô∏è‚ù§Ô∏è

I‚Äôll have a celebration of lying face down in a few days.",Tue Mar 20 18:46:00 +0000 2018,-0.5267,0.0,0.221,0.779,87
@Fox,@butwhoiskat thank you!,Tue Mar 20 05:15:04 +0000 2018,0.4199,0.583,0.0,0.417,88
@Fox,"Here it goes. Last 8 months of constant work will happen within the next 3 days.

https://t.co/c48sQqdnXv",Mon Mar 19 23:38:23 +0000 2018,0.0,0.0,0.0,1.0,89
@Fox,"RT @cssconfau: Guess what?

Even if you aren‚Äôt here, you can watch all the talks LIVE! üò±

Tune into the live stream here. #cssconfau18 

ht‚Ä¶",Mon Mar 19 22:55:26 +0000 2018,0.0,0.0,0.0,1.0,90
@Fox,"@amyngyn hahaha. I actually never been, but I‚Äôve heard the bar is great. :)",Mon Mar 19 10:25:22 +0000 2018,0.9178,0.544,0.0,0.456,91
@Fox,@amyngyn Loui Bar?,Mon Mar 19 06:54:56 +0000 2018,0.0,0.0,0.0,1.0,92
@Fox,RT @LJKenward: Hey friends! üëã Who's hiring Junior Devs at the moment? I have some awesome people from the @juniordev_io Community currently‚Ä¶,Mon Mar 19 00:57:53 +0000 2018,0.8172,0.294,0.0,0.706,93
@Fox,Don‚Äôt forget about the Community Social today! EVERYONE IS WELCOME (even if you don‚Äôt hold a CSSConf or JSConf tick‚Ä¶ https://t.co/6c79TcKFCi,Mon Mar 19 00:08:00 +0000 2018,0.481,0.168,0.079,0.752,94
@Fox,Toxic tech industry creates a fake vision of what each of us (especially minorities) have to be and achieve to be ‚Äù‚Ä¶ https://t.co/yfXZ5nxCJ7,Sun Mar 18 23:11:31 +0000 2018,0.0,0.156,0.118,0.725,95
@Fox,"@amyngyn I never introduce myself. The focus is on content, not myself. Also I don‚Äôt feel like I need to justify my cred. :)",Sun Mar 18 21:53:04 +0000 2018,0.6705,0.224,0.0,0.776,96
@Fox,Today I got kissed by a dingo. üíÅüèª‚Äç‚ôÄÔ∏è https://t.co/FDQsVw2anl,Sun Mar 18 03:17:02 +0000 2018,0.3818,0.302,0.0,0.698,97
@Fox,"@Sareh88 Thank you, Sareh! That‚Äôs very kind. ‚ù§Ô∏è",Sat Mar 17 21:10:23 +0000 2018,0.7569,0.519,0.0,0.481,98
@Fox,@meelijane https://t.co/Y5wM3nCdsH in Northcote. I‚Äôve tested many and this one is orders of magnitude better than everywhere else. :),Sat Mar 17 08:20:32 +0000 2018,0.7096,0.258,0.0,0.742,99
@Fox,One of many reasons why I love my yoga studio so much is how meditative the practice is and how all the instructors‚Ä¶ https://t.co/VXfSqdo6bk,Sat Mar 17 07:02:55 +0000 2018,0.765,0.239,0.0,0.761,100
@nytimes,President Trump and his lawyers asked a court to compel Stormy Daniels to raise her disputes through private arbitr‚Ä¶ https://t.co/lZsDLGmDI5,Tue Apr 03 03:17:02 +0000 2018,-0.2732,0.0,0.104,0.896,1
@nytimes,"RT @nytopinion: Conservative efforts to downsize government will hurt people all across America, but disproportionately the very regions th‚Ä¶",Tue Apr 03 03:02:02 +0000 2018,-0.296,0.0,0.109,0.891,2
@nytimes,"RT @NYTSports: It's not all Donte. Villanova's putting on a show in the second half, with a run of 5 baskets from 5 different players. http‚Ä¶",Tue Apr 03 02:58:54 +0000 2018,0.0,0.0,0.0,1.0,3
@nytimes,A crash in which a sport utility vehicle carrying a family plunged off a California cliff may have been intentional‚Ä¶ https://t.co/hJS4Ix6NzI,Tue Apr 03 02:47:03 +0000 2018,-0.4019,0.0,0.144,0.856,4
@nytimes,"NFL cheerleader handbooks, 7 of which have been reviewed by The Times, include personal hygiene tips, like shaving‚Ä¶ https://t.co/PQHzeRvfkh",Tue Apr 03 02:33:04 +0000 2018,0.5267,0.216,0.0,0.784,5
@nytimes,"RT @NYTSports: DiVincenzo's season high is 30, against Butler. He has 18 at halftime, by far leading all scorers. https://t.co/8WtKOFZbu2",Tue Apr 03 02:22:45 +0000 2018,0.0,0.0,0.0,1.0,6
@nytimes,FX‚Äôs ‚ÄúLegion‚Äù returns for its second season on Tuesday. Here‚Äôs what to remember. https://t.co/2STF98rKxC,Tue Apr 03 02:17:01 +0000 2018,0.0,0.0,0.0,1.0,7
@nytimes,"RT @NYTSports: The 3-pointers are finally starting to fall for Villanova, thanks to Donte DiVincenzo. Wildcats up by 6. https://t.co/QFN3Q9‚Ä¶",Tue Apr 03 02:06:47 +0000 2018,0.4404,0.132,0.0,0.868,8
@nytimes,California officials indicated they would fight the Trump administration on an EPA plan to roll back Obama-era gree‚Ä¶ https://t.co/3OWkT2QgeI,Tue Apr 03 02:02:07 +0000 2018,-0.3818,0.0,0.126,0.874,9
@nytimes,"""They can pin them on to their shirt collar or bra strap and lean over and take a hit every now and then, and who‚Äôs‚Ä¶ https://t.co/HKzSvgHntk",Tue Apr 03 01:47:03 +0000 2018,0.0,0.0,0.0,1.0,10
@nytimes,"The ""affluenza teen,"" who killed 4 people while driving drunk and then fled to Mexico in an effort to evade possibl‚Ä¶ https://t.co/LP1GRdTQHS",Tue Apr 03 01:32:02 +0000 2018,-0.7845,0.0,0.266,0.734,11
@nytimes,"It's Villanova vs. Michigan at the NCAA championship game. Not quite David vs. Goliath, but not too far off either.‚Ä¶ https://t.co/gNE0aN5Par",Tue Apr 03 01:23:05 +0000 2018,0.2382,0.089,0.0,0.911,12
@nytimes,Evening Briefing: Here's what you need to know at the end of the day https://t.co/mQEcGIIDjO,Tue Apr 03 01:17:03 +0000 2018,0.0,0.0,0.0,1.0,13
@nytimes,"RT @DavidWaldstein: Tonight, Duncan Robinson becomes the first person to play in Div. III and Div. 1 title games. Here‚Äôs a story I did last‚Ä¶",Tue Apr 03 01:11:06 +0000 2018,0.34,0.103,0.0,0.897,14
@nytimes,Top-seeded Villanova and third-seeded Michigan are both among the best teams in college basketball. But are they eq‚Ä¶ https://t.co/CBiUbihaO5,Tue Apr 03 01:01:08 +0000 2018,0.6369,0.189,0.0,0.811,15
@nytimes,"RT @HirokoTabuchi: The EPA is set to challenge California's decades-old right to set its own air pollution rules, setting up a showdown bet‚Ä¶",Tue Apr 03 00:50:06 +0000 2018,0.0772,0.058,0.0,0.942,16
@nytimes,Villanova vs. Michigan: What to expect in the NCAA men's championship game https://t.co/NvuKsAkWbP,Tue Apr 03 00:40:08 +0000 2018,0.4404,0.195,0.0,0.805,17
@nytimes,"Adults may try and spoil college basketball. But they can't. There‚Äôs too much magic, @joedrape writes https://t.co/Hfq9CNkdj7",Tue Apr 03 00:31:05 +0000 2018,0.0,0.0,0.0,1.0,18
@nytimes,Review: NBC‚Äôs ‚ÄúJesus Christ Superstar‚Äù may have finally justified the recent live musical fad on network TV https://t.co/2Vzowu0pB8,Tue Apr 03 00:17:02 +0000 2018,0.5574,0.223,0.0,0.777,19
@nytimes,Why Sinclair made dozens of local TV news anchors recite the same script https://t.co/syOOSNRyA6,Tue Apr 03 00:02:05 +0000 2018,0.0,0.0,0.0,1.0,20
@nytimes,RT @nytimesworld: Two self-described sex instructors from Belarus have been detained in Thailand. They say they have evidence of Russian in‚Ä¶,Mon Apr 02 23:47:05 +0000 2018,-0.4019,0.0,0.119,0.881,21
@nytimes,EPA chief Scott Pruitt had a $50-a-day condo linked to lobbyists. Their client‚Äôs project got approved. https://t.co/SuZnUhOizI,Mon Apr 02 23:32:01 +0000 2018,0.4215,0.157,0.0,0.843,22
@nytimes,RT @alanblinder: I visited Memphis last month to talk with students about the Rev. Dr. Martin Luther King Jr. Here's what they said. https:‚Ä¶,Mon Apr 02 23:17:04 +0000 2018,0.0,0.0,0.0,1.0,23
@nytimes,Evening Briefing: Here's what you need to know at the end of the day https://t.co/9LkECFxe12,Mon Apr 02 23:02:05 +0000 2018,0.0,0.0,0.0,1.0,24
@nytimes,"President Trump is nominating an economic moderate to the No. 2 job at the Treasury, even as Trump takes a more haw‚Ä¶ https://t.co/5yrG5Lvz48",Mon Apr 02 22:47:06 +0000 2018,-0.1027,0.078,0.096,0.826,25
@nytimes,"More than 200 dolphins that died in Brazil were ‚Äúenvironmental sentinels,‚Äù a biologist says. ‚ÄúWhen something is wro‚Ä¶ https://t.co/WEZ116kzP2",Mon Apr 02 22:32:06 +0000 2018,-0.5574,0.0,0.175,0.825,26
@nytimes,"Katrina Ruff, a local teacher in Oklahoma City, carried a sign that read, ‚ÄúThanks to West Virginia.‚Äù 

‚ÄúThey gave u‚Ä¶ https://t.co/NOljYUOQp7",Mon Apr 02 22:17:04 +0000 2018,0.0,0.0,0.0,1.0,27
@nytimes,"The best TV shows and movies new to Netflix, Amazon and more in April
https://t.co/2MU49mvV3Q",Mon Apr 02 22:02:06 +0000 2018,0.7096,0.312,0.0,0.688,28
@nytimes,"RT @arappeport: SCOOP: Treasury‚Äôs Tax Law Architect, Justin Muzinich, Is Tapped as Deputy Secretary https://t.co/lfpEPD91aq",Mon Apr 02 21:48:30 +0000 2018,0.3254,0.143,0.0,0.857,29
@nytimes,"RT @NYTSports: In junior high, Enrique and Giancarlo made a pact: they would go by ""Mike"" and ""Ricky."" It took many years and a trip to Eur‚Ä¶",Mon Apr 02 21:40:05 +0000 2018,0.0,0.0,0.0,1.0,30
@nytimes,"One dairy farmer shot all 51 of his milking cows and then turned the gun on himself. 

The dairy industry across th‚Ä¶ https://t.co/6dU3JlUwEb",Mon Apr 02 21:25:09 +0000 2018,-0.34,0.0,0.098,0.902,31
@nytimes,Are you a current or former cheerleader for a team in the major sports leagues? We'd like to hear from you. https://t.co/c1SPyzMkFc,Mon Apr 02 21:14:23 +0000 2018,0.5267,0.196,0.0,0.804,32
@nytimes,"Unlike unionized NFL players, cheerleaders are part-time workers with few benefits. Those who complain are told tha‚Ä¶ https://t.co/0QuQ2uIGF4",Mon Apr 02 21:11:24 +0000 2018,0.3182,0.215,0.112,0.673,33
@nytimes,The New Orleans Saints fired a cheerleader for posting a picture the team deemed inappropriate on her private Insta‚Ä¶ https://t.co/lGQNGBDeZy,Mon Apr 02 21:08:28 +0000 2018,-0.4019,0.088,0.167,0.744,34
@nytimes,"Across the NFL, teams even try to place extensive controls on how cheerleaders conduct their lives outside work https://t.co/c1SPyzMkFc",Mon Apr 02 21:06:37 +0000 2018,0.296,0.109,0.0,0.891,35
@nytimes,"- Cheerleaders for the Carolina Panthers must leave the stadium to change into their personal attire. 

- Baltimore‚Ä¶ https://t.co/0Lk7U2BhHa",Mon Apr 02 21:04:45 +0000 2018,0.25,0.12,0.065,0.815,36
@nytimes,"No sweatpants in public, ""ideal body weight"" requirements and personal hygiene tips: A look inside the rule books f‚Ä¶ https://t.co/OGkR8hOfpv",Mon Apr 02 21:01:18 +0000 2018,0.296,0.15,0.097,0.752,37
@nytimes,"""It was impossible not to think that if I were black, I‚Äôd be too scared to carry a gun. It was impossible not to re‚Ä¶ https://t.co/s7DVYZQtGS",Mon Apr 02 20:55:06 +0000 2018,-0.6486,0.0,0.194,0.806,38
@nytimes,"üéµTonight,
tonight,
we're watching these tonight üéµ
https://t.co/dq7rvDhB2Z",Mon Apr 02 20:40:04 +0000 2018,0.0,0.0,0.0,1.0,39
@nytimes,Breaking News: U.S. stock indexes fell sharply in a broad sell-off driven by continuing scrutiny of technology firm‚Ä¶ https://t.co/8wHQiG4YnP,Mon Apr 02 20:24:04 +0000 2018,0.0,0.0,0.0,1.0,40
@nytimes,We asked NYT readers how they reacted to the news of Martin Luther King Jr.'s death. Here are their memories. https://t.co/eYiZT3y1XE,Mon Apr 02 20:10:03 +0000 2018,-0.5994,0.0,0.163,0.837,41
@nytimes,As if snow in April weren't dispiriting enough... https://t.co/q4yFFFQexw,Mon Apr 02 19:58:06 +0000 2018,0.0,0.0,0.0,1.0,42
@nytimes,The Mormon Church has appointed 2 people of color into senior leadership positions for the first time in its nearly‚Ä¶ https://t.co/FdxVOTAKGd,Mon Apr 02 19:48:05 +0000 2018,0.0,0.0,0.0,1.0,43
@nytimes,"RT @ronlieber: After way too long of an absence, I'm back in @nytfood this week with a story about mimouna, which may become your new post-‚Ä¶",Mon Apr 02 19:38:02 +0000 2018,0.0,0.0,0.0,1.0,44
@nytimes,"Once again, there's concern how Sinclair wields power over its news broadcasts. https://t.co/UcCCnsdair",Mon Apr 02 19:28:06 +0000 2018,0.0,0.0,0.0,1.0,45
@nytimes,The Trump administration launched an effort to weaken Obama-era greenhouse gas and fuel economy standards for autom‚Ä¶ https://t.co/rFbQ5WgcEs,Mon Apr 02 19:25:40 +0000 2018,-0.3182,0.074,0.138,0.788,46
@nytimes,RT @NYTStyles: ‚ÄúA lot of people think they‚Äôll be in weaves for the rest of their life.‚Äù https://t.co/oa1j7hcDXj,Mon Apr 02 19:18:01 +0000 2018,0.0,0.0,0.0,1.0,47
@nytimes,Sinclair made dozens of local TV news anchors recite the same script to their combined millions of viewers https://t.co/RJeV7YKK5H,Mon Apr 02 18:58:01 +0000 2018,0.0,0.0,0.0,1.0,48
@nytimes,"Surrounded by children at the annual Easter Egg Roll festivities, President Trump lashed out again about DACA https://t.co/ca5CkZ6Tst",Mon Apr 02 18:48:01 +0000 2018,0.4767,0.154,0.0,0.846,49
@nytimes,Michigan got to the championship game by the seat of its pants. Villanova is a giant. https://t.co/mXZ2e939SA,Mon Apr 02 18:38:03 +0000 2018,0.4404,0.162,0.0,0.838,50
@nytimes,"NFL cheerleader handbooks, 7 of which have been reviewed by The Times, include personal hygiene tips, like shaving‚Ä¶ https://t.co/ACxHXG2sKh",Mon Apr 02 18:29:02 +0000 2018,0.5267,0.216,0.0,0.784,51
@nytimes,"If Robert Mueller is fired, what happens next? Impeachment might not be as likely as some think. Here‚Äôs a look at t‚Ä¶ https://t.co/opVhOTqZnh",Mon Apr 02 18:18:03 +0000 2018,-0.5574,0.0,0.146,0.854,52
@nytimes,"While other men accused of sexual harassment lie low, Mario Batali has been actively exploring when or whether he c‚Ä¶ https://t.co/qUyDSTcMD1",Mon Apr 02 18:08:04 +0000 2018,-0.6705,0.085,0.288,0.627,53
@nytimes,"The ""affluenza teen,"" who killed 4 people while driving drunk and then fled to Mexico in an effort to evade possibl‚Ä¶ https://t.co/TtmLhvjgcZ",Mon Apr 02 17:58:03 +0000 2018,-0.7845,0.0,0.266,0.734,54
@nytimes,The Supreme Court ruled for an Arizona police officer who shot a woman outside her home in Tucson https://t.co/AAUTzW6ziv,Mon Apr 02 17:48:03 +0000 2018,0.5574,0.175,0.0,0.825,55
@nytimes,"RT @NYTScience: How did a virus that might ordinarily have claimed a few dolphins end up killing scores of them? In Brazil, scientists are‚Ä¶",Mon Apr 02 17:38:02 +0000 2018,-0.6597,0.0,0.173,0.827,56
@nytimes,"RT @nytimesworld: British and American officials say they are struck by the symbolism of the attack on the ex-spy, as well as its effective‚Ä¶",Mon Apr 02 17:28:03 +0000 2018,-0.4588,0.074,0.181,0.745,57
@nytimes,"Thousands of teachers in Oklahoma and Kentucky walked off the job Monday morning, shutting down school districts as‚Ä¶ https://t.co/C8mugq1zii",Mon Apr 02 17:18:03 +0000 2018,0.0,0.0,0.0,1.0,58
@nytimes,"RT @NYTimesAtWar: On a trip from Iraqi Kurdistan to Sinjar, @alissanyt encountered an unsettling number of checkpoints that made travel nea‚Ä¶",Mon Apr 02 17:08:03 +0000 2018,0.0772,0.064,0.0,0.936,59
@nytimes,"President Trump suggested Putin visit the White House, officials say https://t.co/WcdFrTkGk1",Mon Apr 02 16:59:22 +0000 2018,0.0,0.0,0.0,1.0,60
@nytimes,RT @nytpolitics: He's been a Muppet wrangler and the U.S. ambassador to France. Now Charles Rivkin is Hollywood's head cheerleader. https:/‚Ä¶,Mon Apr 02 16:48:04 +0000 2018,0.2263,0.091,0.0,0.909,61
@nytimes,"As vaping rises at high schools and middle schools, officials are worried e-cigarettes are creating a new generatio‚Ä¶ https://t.co/PSMW4B4CV9",Mon Apr 02 16:38:04 +0000 2018,0.0,0.108,0.108,0.784,62
@nytimes,"Last fall, we shared readers' 13-word stories of romance, obsession and heartbreak. Here are some more of the thous‚Ä¶ https://t.co/oytdtBXYvW",Mon Apr 02 16:28:07 +0000 2018,-0.0258,0.214,0.217,0.569,63
@nytimes,"Steven Bochco, the producer of ‚ÄúHill Street Blues‚Äù and ‚ÄúNYPD Blue,‚Äù died on Sunday. His gritty police dramas change‚Ä¶ https://t.co/TDhOqQuazn",Mon Apr 02 16:18:05 +0000 2018,-0.5574,0.0,0.159,0.841,64
@nytimes,RT @TimHerrera: Stop wasting money and finally start that budget. Here are some tips to get you going. https://t.co/ufXXY3Hozb,Mon Apr 02 16:08:07 +0000 2018,-0.5994,0.0,0.224,0.776,65
@nytimes,The race to automate stores is underway https://t.co/NYywyTdden,Mon Apr 02 15:58:05 +0000 2018,0.0,0.0,0.0,1.0,66
@nytimes,"A 77-year-old who owns an estimated 75 guns: ""It'll go away. Like all the other times.""
A 17-year-old who protests:‚Ä¶ https://t.co/lLYxoinohJ",Mon Apr 02 15:48:02 +0000 2018,0.3612,0.122,0.0,0.878,67
@nytimes,Review: NBC‚Äôs ‚ÄúJesus Christ Superstar‚Äù may have finally justified the recent live musical fad on network TV https://t.co/xoRihJn7JS,Mon Apr 02 15:38:01 +0000 2018,0.5574,0.223,0.0,0.777,68
@nytimes,"The government of Malaysia is moving to outlaw ""fake news."" Critics say the move is intended to stifle free speech‚Ä¶ https://t.co/aNk1o7gmHb",Mon Apr 02 15:28:01 +0000 2018,-0.25,0.124,0.199,0.677,69
@nytimes,"RT @NYTScience: When he was 12, his video went viral. That's when he discovered that maybe it's not correcting bad science that audiences o‚Ä¶",Mon Apr 02 15:18:01 +0000 2018,0.431,0.11,0.0,0.89,70
@nytimes,California's governor pardoned 5 ex-convicts who were facing possible deportation. President Trump wasn't pleased. https://t.co/ZULUDAIMpN,Mon Apr 02 15:08:08 +0000 2018,-0.1295,0.117,0.148,0.736,71
@nytimes,RT @nytopinion: People who don‚Äôt own guns understand that some need to own one; and gun owners understand the need to keep other people saf‚Ä¶,Mon Apr 02 14:58:02 +0000 2018,-0.34,0.0,0.091,0.909,72
@nytimes,"The women‚Äôs Final Four ended on Sunday for Notre Dame just as the semifinals had on Friday, with Arike Ogunbowale h‚Ä¶ https://t.co/CztABtxyNv",Mon Apr 02 14:48:02 +0000 2018,0.0,0.0,0.0,1.0,73
@nytimes,"""I turned and stared down the aisle where a kid who looked about 18 was aiming an AR-15 the salesman had handed him‚Ä¶ https://t.co/lF9PGhRwVt",Mon Apr 02 14:38:02 +0000 2018,0.0,0.0,0.0,1.0,74
@nytimes,"Winnie Madikizela-Mandela, whose fight against apartheid was later overshadowed by scandal, has died at 81 https://t.co/1CsDdgTHI8",Mon Apr 02 14:30:32 +0000 2018,-0.8442,0.0,0.412,0.588,75
@nytimes,"RT @nytimesworld: Violence has waned in what was the bloodiest day in Gaza since the war of 2014, but both sides have been defending their‚Ä¶",Mon Apr 02 14:28:01 +0000 2018,-0.6124,0.0,0.179,0.821,76
@nytimes,The tech industry thinks it has a solution for the problems it created. (It's blockchain.) https://t.co/QeHe17EMUf,Mon Apr 02 14:18:01 +0000 2018,0.1531,0.226,0.142,0.632,77
@nytimes,A museum wasn‚Äôt sure whose head they had put on display. That‚Äôs when the FBI‚Äôs forensic scientists were called in. https://t.co/URMhm8SPD9,Mon Apr 02 14:08:03 +0000 2018,0.3182,0.108,0.0,0.892,78
@nytimes,"The #MeToo movement has brought down many powerful men. As the fallout continues, it's hitting charities and instit‚Ä¶ https://t.co/nEOXLoVy1B",Mon Apr 02 13:58:01 +0000 2018,0.7184,0.261,0.0,0.739,79
@nytimes,The jobs these companies offer are in out-of-way places. The work is low-paid and disagreeable. And native-born Ame‚Ä¶ https://t.co/hjHTlixNw2,Mon Apr 02 13:48:05 +0000 2018,-0.4019,0.0,0.13,0.87,80
@nytimes,"RT @nytimes: Fact Check: The Facts Behind Trump‚Äôs Tweet on Amazon, Taxes and the Postal Service https://t.co/eDFR9JldgC",Mon Apr 02 13:40:56 +0000 2018,0.1779,0.096,0.0,0.904,81
@nytimes,He's new to New York and has never worked in the city's public school system. Here's what the new chancellor of pub‚Ä¶ https://t.co/wp8saMunjv,Mon Apr 02 13:38:05 +0000 2018,0.0,0.0,0.0,1.0,82
@nytimes,"President Trump tweeted that DACA, a plan to protect young immigrants from deportation, is ""dead"" https://t.co/9YDJXm5zxj",Mon Apr 02 13:28:04 +0000 2018,0.3818,0.157,0.0,0.843,83
@nytimes,A Chinese space station the size of a school bus re-entered the Earth's atmosphere on Sunday night https://t.co/dPzgN7upKb,Mon Apr 02 13:18:02 +0000 2018,0.0,0.0,0.0,1.0,84
@nytimes,"People are increasingly calling for boycotts of the big tech companies. The problem is that Facebook, Apple, Amazon‚Ä¶ https://t.co/mu3o1ABVUe",Mon Apr 02 13:08:03 +0000 2018,-0.6249,0.0,0.231,0.769,85
@nytimes,"RT @nytimesworld: Unraveling a police state is never easy, but Uzbekistan is taking the first steps, at a time when even once-proudly democ‚Ä¶",Mon Apr 02 12:58:05 +0000 2018,-0.1786,0.0,0.078,0.922,86
@nytimes,China just hit back at President Trump‚Äôs tariffs on steel and aluminum. The country placed tariffs on pork and 127‚Ä¶ https://t.co/EbNr0v3uqb,Mon Apr 02 12:53:04 +0000 2018,0.0,0.0,0.0,1.0,87
@nytimes,Jared Kushner wants to overhaul the prison system. Jeff Sessions bitterly opposes such a move. That has set the sce‚Ä¶ https://t.co/bfAvyriu7c,Mon Apr 02 12:48:02 +0000 2018,-0.743,0.0,0.259,0.741,88
@nytimes,"""They can pin them on to their shirt collar or bra strap and lean over and take a hit every now and then, and who‚Äôs‚Ä¶ https://t.co/OH3RxnOwnI",Mon Apr 02 12:38:03 +0000 2018,0.0,0.0,0.0,1.0,89
@nytimes,British officials investigating the poisoning of a former Russian spy believe it's likely that an assassin smeared‚Ä¶ https://t.co/OasjVi4bKl,Mon Apr 02 12:28:06 +0000 2018,-0.5859,0.0,0.192,0.808,90
@nytimes,Morning Briefing: Here's what you need to know to start your day https://t.co/uuuWI3FzBW,Mon Apr 02 12:18:02 +0000 2018,0.0,0.0,0.0,1.0,91
@nytimes,RT @nytimesmusic: Ashley McBryde's career as a Nashville songwriter never took off. Now she‚Äôs made one of the best country albums of the la‚Ä¶,Mon Apr 02 12:11:20 +0000 2018,0.6369,0.16,0.0,0.84,92
@nytimes,Why Sinclair made dozens of local TV news anchors recite the same script https://t.co/c0rMxKmTLy,Mon Apr 02 12:05:21 +0000 2018,0.0,0.0,0.0,1.0,93
@nytimes,"RT @NYTObits: She died at 17, giving her life to the cause of Korean resistance to Japanese rule. https://t.co/ciesDZrE83",Mon Apr 02 12:03:36 +0000 2018,-0.296,0.104,0.157,0.739,94
@nytimes,A few practical recommendations to make it easier to drink better wine every day https://t.co/kB6aDmlcnD,Mon Apr 02 11:45:58 +0000 2018,0.6908,0.322,0.0,0.678,95
@nytimes,"RT @NYTHealth: First retirement, then unretirement: A growing number of older workers are heading back to the workplace. https://t.co/NRZ0T‚Ä¶",Mon Apr 02 11:28:16 +0000 2018,0.25,0.158,0.0,0.842,96
@nytimes,"It was at the center of one of the largest fraud scandals in the history of for-profit colleges. Now, it's asking t‚Ä¶ https://t.co/8ZZIUZNHDe",Mon Apr 02 11:12:01 +0000 2018,-0.7906,0.0,0.25,0.75,97
@nytimes,Nonfiction: The Epidemic of Wrongful Convictions in America https://t.co/DNFSK8bgPQ,Mon Apr 02 10:58:28 +0000 2018,0.0,0.0,0.0,1.0,98
@nytimes,"RT @nytimesarts: Collaborating on a ""Mean Girls"" musical ""could have been a bad arranged marriage,"" says Tina Fey. ""I feel really very luck‚Ä¶",Mon Apr 02 10:49:49 +0000 2018,-0.5423,0.0,0.149,0.851,99
@nytimes,"A 77-year-old who owns an estimated 75 guns: ""It'll go away. Like all the other times.""
A 17-year-old who protests:‚Ä¶ https://t.co/O1gJ5AEHgL",Mon Apr 02 10:32:05 +0000 2018,0.3612,0.122,0.0,0.878,100
